USE integrador;

INSERT INTO integrador.provincias (Nombre) VALUES ('Buenos Aires');
INSERT INTO integrador.provincias (Nombre) VALUES ('Catamarca');
INSERT INTO integrador.provincias (Nombre) VALUES ('Chaco');
INSERT INTO integrador.provincias (Nombre) VALUES ('Chubut');
INSERT INTO integrador.provincias (Nombre) VALUES ('Córdoba');
INSERT INTO integrador.provincias (Nombre) VALUES ('Corrientes');
INSERT INTO integrador.provincias (Nombre) VALUES ('Entre Ríos');
INSERT INTO integrador.provincias (Nombre) VALUES ('Formosa');
INSERT INTO integrador.provincias (Nombre) VALUES ('Jujuy');
INSERT INTO integrador.provincias (Nombre) VALUES ('La Pampa');
INSERT INTO integrador.provincias (Nombre) VALUES ('La Rioja');
INSERT INTO integrador.provincias (Nombre) VALUES ('Mendoza');
INSERT INTO integrador.provincias (Nombre) VALUES ('Misiones');
INSERT INTO integrador.provincias (Nombre) VALUES ('Neuquén');
INSERT INTO integrador.provincias (Nombre) VALUES ('Río Negro');
INSERT INTO integrador.provincias (Nombre) VALUES ('Salta');
INSERT INTO integrador.provincias (Nombre) VALUES ('San Juan');
INSERT INTO integrador.provincias (Nombre) VALUES ('San Luis');
INSERT INTO integrador.provincias (Nombre) VALUES ('Santa Cruz');
INSERT INTO integrador.provincias (Nombre) VALUES ('Santa Fe');
INSERT INTO integrador.provincias (Nombre) VALUES ('Santiago del Estero');
INSERT INTO integrador.provincias (Nombre) VALUES ('Tierra del Fuego');
INSERT INTO integrador.provincias (Nombre) VALUES ('Tucumán');
INSERT INTO integrador.provincias (Nombre) VALUES ('Ciudad Autónoma de Buenos Aires');

INSERT INTO integrador.Localidad (Nombre,Provincia) VALUES ('Benjamín Aráoz y El Tajamar','23');
INSERT INTO integrador.Localidad (Nombre,Provincia) VALUES ('General Baldissera','5');
INSERT INTO integrador.Localidad (Nombre,Provincia) VALUES ('Impira','5');
INSERT INTO integrador.Localidad (Nombre,Provincia) VALUES ('Las Cejas','23');
INSERT INTO integrador.Localidad (Nombre,Provincia) VALUES ('La Cesira','5');
INSERT INTO integrador.Localidad (Nombre,Provincia) VALUES ('Garmendia','23');
INSERT INTO integrador.Localidad (Nombre,Provincia) VALUES ('Monteros','23');
INSERT INTO integrador.Localidad (Nombre,Provincia) VALUES ('Gobernador Piedrabuena','23');
INSERT INTO integrador.Localidad (Nombre,Provincia) VALUES ('General Levalle','5');
INSERT INTO integrador.Localidad (Nombre,Provincia) VALUES ('Guasapampa','5');
INSERT INTO integrador.Localidad (Nombre,Provincia) VALUES ('Enrique Carbó','7');
INSERT INTO integrador.Localidad (Nombre,Provincia) VALUES ('Aguada San Roque','14');
INSERT INTO integrador.Localidad (Nombre,Provincia) VALUES ('Barrancas','14');
INSERT INTO integrador.Localidad (Nombre,Provincia) VALUES ('Añelo','14');
INSERT INTO integrador.Localidad (Nombre,Provincia) VALUES ('Quili Malal','14');
INSERT INTO integrador.Localidad (Nombre,Provincia) VALUES ('Plottier','14');
INSERT INTO integrador.Localidad (Nombre,Provincia) VALUES ('Covunco Abajo','14');
INSERT INTO integrador.Localidad (Nombre,Provincia) VALUES ('Distrito Sexto','7');
INSERT INTO integrador.Localidad (Nombre,Provincia) VALUES ('Rincón de los Sauces','14');
INSERT INTO integrador.Localidad (Nombre,Provincia) VALUES ('Buta Ranquil','14');
INSERT INTO integrador.Localidad (Nombre,Provincia) VALUES ('Las Lajas','14');
INSERT INTO integrador.Localidad (Nombre,Provincia) VALUES ('Zapala','14');
INSERT INTO integrador.Localidad (Nombre,Provincia) VALUES ('Villa Pehuenia','14');
INSERT INTO integrador.Localidad (Nombre,Provincia) VALUES ('Villa Traful','14');
INSERT INTO integrador.Localidad (Nombre,Provincia) VALUES ('Caviahue - Copahue','14');
INSERT INTO integrador.Localidad (Nombre,Provincia) VALUES ('Neuquén','14');
INSERT INTO integrador.Localidad (Nombre,Provincia) VALUES ('Centenario','14');
INSERT INTO integrador.Localidad (Nombre,Provincia) VALUES ('Villa El Chocón','14');
INSERT INTO integrador.Localidad (Nombre,Provincia) VALUES ('Cutral Co','14');
INSERT INTO integrador.Localidad (Nombre,Provincia) VALUES ('Plaza Huincul','14');
INSERT INTO integrador.Localidad (Nombre,Provincia) VALUES ('General Alvarado','1');
INSERT INTO integrador.Localidad (Nombre,Provincia) VALUES ('Bajada del Agrio','14');
INSERT INTO integrador.Localidad (Nombre,Provincia) VALUES ('Villa Curi Leuvú','14');
INSERT INTO integrador.Localidad (Nombre,Provincia) VALUES ('Chos Malal','14');
INSERT INTO integrador.Localidad (Nombre,Provincia) VALUES ('Villa Puente Picún Leufú','14');
INSERT INTO integrador.Localidad (Nombre,Provincia) VALUES ('Varvarco - Invernada Vieja','14');
INSERT INTO integrador.Localidad (Nombre,Provincia) VALUES ('Pilo Lil','14');
INSERT INTO integrador.Localidad (Nombre,Provincia) VALUES ('Coronel Du Graty','3');
INSERT INTO integrador.Localidad (Nombre,Provincia) VALUES ('Los Catutos','14');
INSERT INTO integrador.Localidad (Nombre,Provincia) VALUES ('Salliqueló','1');
INSERT INTO integrador.Localidad (Nombre,Provincia) VALUES ('General Paz','1');
INSERT INTO integrador.Localidad (Nombre,Provincia) VALUES ('Berazategui','1');
INSERT INTO integrador.Localidad (Nombre,Provincia) VALUES ('Santa Sylvina','3');
INSERT INTO integrador.Localidad (Nombre,Provincia) VALUES ('Almirante Brown','1');
INSERT INTO integrador.Localidad (Nombre,Provincia) VALUES ('Hermoso Campo','3');
INSERT INTO integrador.Localidad (Nombre,Provincia) VALUES ('General Pinto','1');
INSERT INTO integrador.Localidad (Nombre,Provincia) VALUES ('San Cayetano','1');
INSERT INTO integrador.Localidad (Nombre,Provincia) VALUES ('Tres Arroyos','1');
INSERT INTO integrador.Localidad (Nombre,Provincia) VALUES ('Coronel Dorrego','1');
INSERT INTO integrador.Localidad (Nombre,Provincia) VALUES ('Necochea','1');
INSERT INTO integrador.Localidad (Nombre,Provincia) VALUES ('Lezama','1');
INSERT INTO integrador.Localidad (Nombre,Provincia) VALUES ('Chascomús','1');
INSERT INTO integrador.Localidad (Nombre,Provincia) VALUES ('Punta Indio','1');
INSERT INTO integrador.Localidad (Nombre,Provincia) VALUES ('Campana','1');
INSERT INTO integrador.Localidad (Nombre,Provincia) VALUES ('Adolfo Alsina','1');
INSERT INTO integrador.Localidad (Nombre,Provincia) VALUES ('Puerto Vilelas','3');
INSERT INTO integrador.Localidad (Nombre,Provincia) VALUES ('Soldado Maldonado','23');
INSERT INTO integrador.Localidad (Nombre,Provincia) VALUES ('Puesto del Marquez','9');
INSERT INTO integrador.Localidad (Nombre,Provincia) VALUES ('La Cumbre','5');
INSERT INTO integrador.Localidad (Nombre,Provincia) VALUES ('Guatimozín','5');
INSERT INTO integrador.Localidad (Nombre,Provincia) VALUES ('Puán','1');
INSERT INTO integrador.Localidad (Nombre,Provincia) VALUES ('General Villegas','1');
INSERT INTO integrador.Localidad (Nombre,Provincia) VALUES ('Vinchina','11');
INSERT INTO integrador.Localidad (Nombre,Provincia) VALUES ('Presidente Perón','1');
INSERT INTO integrador.Localidad (Nombre,Provincia) VALUES ('Facundo','4');
INSERT INTO integrador.Localidad (Nombre,Provincia) VALUES ('Samuhú','3');
INSERT INTO integrador.Localidad (Nombre,Provincia) VALUES ('Enrique Urién','3');
INSERT INTO integrador.Localidad (Nombre,Provincia) VALUES ('Lucas Sur Segundo','7');
INSERT INTO integrador.Localidad (Nombre,Provincia) VALUES ('Cangrejillos','9');
INSERT INTO integrador.Localidad (Nombre,Provincia) VALUES ('Abra Pampa','9');
INSERT INTO integrador.Localidad (Nombre,Provincia) VALUES ('La Plata','1');
INSERT INTO integrador.Localidad (Nombre,Provincia) VALUES ('Junín','1');
INSERT INTO integrador.Localidad (Nombre,Provincia) VALUES ('Brandsen','1');
INSERT INTO integrador.Localidad (Nombre,Provincia) VALUES ('Alberti','1');
INSERT INTO integrador.Localidad (Nombre,Provincia) VALUES ('Bragado','1');
INSERT INTO integrador.Localidad (Nombre,Provincia) VALUES ('Nicanor Molinas','20');
INSERT INTO integrador.Localidad (Nombre,Provincia) VALUES ('Jesús María','5');
INSERT INTO integrador.Localidad (Nombre,Provincia) VALUES ('Carlos Tejedor','1');
INSERT INTO integrador.Localidad (Nombre,Provincia) VALUES ('25 de Mayo','1');
INSERT INTO integrador.Localidad (Nombre,Provincia) VALUES ('Gan Gan','4');
INSERT INTO integrador.Localidad (Nombre,Provincia) VALUES ('Trenque Lauquen','1');
INSERT INTO integrador.Localidad (Nombre,Provincia) VALUES ('Gastre','4');
INSERT INTO integrador.Localidad (Nombre,Provincia) VALUES ('Esteban Echeverría','1');
INSERT INTO integrador.Localidad (Nombre,Provincia) VALUES ('Tres Isletas','3');
INSERT INTO integrador.Localidad (Nombre,Provincia) VALUES ('Carmen de Areco','1');
INSERT INTO integrador.Localidad (Nombre,Provincia) VALUES ('Mercedes','1');
INSERT INTO integrador.Localidad (Nombre,Provincia) VALUES ('Hurlingham','1');
INSERT INTO integrador.Localidad (Nombre,Provincia) VALUES ('Lago Blanco','4');
INSERT INTO integrador.Localidad (Nombre,Provincia) VALUES ('Morón','1');
INSERT INTO integrador.Localidad (Nombre,Provincia) VALUES ('Chacabuco','1');
INSERT INTO integrador.Localidad (Nombre,Provincia) VALUES ('Lanús','1');
INSERT INTO integrador.Localidad (Nombre,Provincia) VALUES ('Malvinas Argentinas','1');
INSERT INTO integrador.Localidad (Nombre,Provincia) VALUES ('General Las Heras','1');
INSERT INTO integrador.Localidad (Nombre,Provincia) VALUES ('Marcos Paz','1');
INSERT INTO integrador.Localidad (Nombre,Provincia) VALUES ('Tres Lomas','1');
INSERT INTO integrador.Localidad (Nombre,Provincia) VALUES ('General San Martín','1');
INSERT INTO integrador.Localidad (Nombre,Provincia) VALUES ('Lincoln','1');
INSERT INTO integrador.Localidad (Nombre,Provincia) VALUES ('San Bernardo','3');
INSERT INTO integrador.Localidad (Nombre,Provincia) VALUES ('Ituzaingó','1');
INSERT INTO integrador.Localidad (Nombre,Provincia) VALUES ('General Rodríguez','1');
INSERT INTO integrador.Localidad (Nombre,Provincia) VALUES ('Suipacha','1');
INSERT INTO integrador.Localidad (Nombre,Provincia) VALUES ('Tres de Febrero','1');
INSERT INTO integrador.Localidad (Nombre,Provincia) VALUES ('Chivilcoy','1');
INSERT INTO integrador.Localidad (Nombre,Provincia) VALUES ('Lomas de Zamora','1');
INSERT INTO integrador.Localidad (Nombre,Provincia) VALUES ('Gobernador Martínez','6');
INSERT INTO integrador.Localidad (Nombre,Provincia) VALUES ('General Viamonte','1');
INSERT INTO integrador.Localidad (Nombre,Provincia) VALUES ('Colón','1');
INSERT INTO integrador.Localidad (Nombre,Provincia) VALUES ('Saavedra','1');
INSERT INTO integrador.Localidad (Nombre,Provincia) VALUES ('Monte Hermoso','1');
INSERT INTO integrador.Localidad (Nombre,Provincia) VALUES ('Lobería','1');
INSERT INTO integrador.Localidad (Nombre,Provincia) VALUES ('Berisso','1');
INSERT INTO integrador.Localidad (Nombre,Provincia) VALUES ('Tordillo','1');
INSERT INTO integrador.Localidad (Nombre,Provincia) VALUES ('San Fernando','1');
INSERT INTO integrador.Localidad (Nombre,Provincia) VALUES ('Zárate','1');
INSERT INTO integrador.Localidad (Nombre,Provincia) VALUES ('San Nicolás','1');
INSERT INTO integrador.Localidad (Nombre,Provincia) VALUES ('Los Altares','4');
INSERT INTO integrador.Localidad (Nombre,Provincia) VALUES ('Pirané','8');
INSERT INTO integrador.Localidad (Nombre,Provincia) VALUES ('Florencio Varela','1');
INSERT INTO integrador.Localidad (Nombre,Provincia) VALUES ('Navarro','1');
INSERT INTO integrador.Localidad (Nombre,Provincia) VALUES ('Cañuelas','1');
INSERT INTO integrador.Localidad (Nombre,Provincia) VALUES ('Vaqueros','16');
INSERT INTO integrador.Localidad (Nombre,Provincia) VALUES ('Beazley','18');
INSERT INTO integrador.Localidad (Nombre,Provincia) VALUES ('Puerto Tirol','3');
INSERT INTO integrador.Localidad (Nombre,Provincia) VALUES ('San Vicente','1');
INSERT INTO integrador.Localidad (Nombre,Provincia) VALUES ('General Alvear','1');
INSERT INTO integrador.Localidad (Nombre,Provincia) VALUES ('Quilmes','1');
INSERT INTO integrador.Localidad (Nombre,Provincia) VALUES ('Pila','1');
INSERT INTO integrador.Localidad (Nombre,Provincia) VALUES ('General La Madrid','1');
INSERT INTO integrador.Localidad (Nombre,Provincia) VALUES ('Bolívar','1');
INSERT INTO integrador.Localidad (Nombre,Provincia) VALUES ('Corzuela','3');
INSERT INTO integrador.Localidad (Nombre,Provincia) VALUES ('Misión Nueva Pompeya','3');
INSERT INTO integrador.Localidad (Nombre,Provincia) VALUES ('Colonia Benítez','3');
INSERT INTO integrador.Localidad (Nombre,Provincia) VALUES ('La Criolla','7');
INSERT INTO integrador.Localidad (Nombre,Provincia) VALUES ('Balcarce','1');
INSERT INTO integrador.Localidad (Nombre,Provincia) VALUES ('Hipólito Yrigoyen','1');
INSERT INTO integrador.Localidad (Nombre,Provincia) VALUES ('Colonia Elisa','3');
INSERT INTO integrador.Localidad (Nombre,Provincia) VALUES ('Azul','1');
INSERT INTO integrador.Localidad (Nombre,Provincia) VALUES ('Dolores','1');
INSERT INTO integrador.Localidad (Nombre,Provincia) VALUES ('Daireaux','1');
INSERT INTO integrador.Localidad (Nombre,Provincia) VALUES ('Ayacucho','1');
INSERT INTO integrador.Localidad (Nombre,Provincia) VALUES ('Guaminí','1');
INSERT INTO integrador.Localidad (Nombre,Provincia) VALUES ('Laprida','1');
INSERT INTO integrador.Localidad (Nombre,Provincia) VALUES ('San Isidro','1');
INSERT INTO integrador.Localidad (Nombre,Provincia) VALUES ('Leandro N. Alem','1');
INSERT INTO integrador.Localidad (Nombre,Provincia) VALUES ('Colonias Unidas','3');
INSERT INTO integrador.Localidad (Nombre,Provincia) VALUES ('Patagones','1');
INSERT INTO integrador.Localidad (Nombre,Provincia) VALUES ('Coronel de Marina Leonardo Rosales','1');
INSERT INTO integrador.Localidad (Nombre,Provincia) VALUES ('Baradero','1');
INSERT INTO integrador.Localidad (Nombre,Provincia) VALUES ('San Pedro','1');
INSERT INTO integrador.Localidad (Nombre,Provincia) VALUES ('Casa de Piedra','10');
INSERT INTO integrador.Localidad (Nombre,Provincia) VALUES ('Paclín','2');
INSERT INTO integrador.Localidad (Nombre,Provincia) VALUES ('Rivadavia','1');
INSERT INTO integrador.Localidad (Nombre,Provincia) VALUES ('Basail','3');
INSERT INTO integrador.Localidad (Nombre,Provincia) VALUES ('Santa María','2');
INSERT INTO integrador.Localidad (Nombre,Provincia) VALUES ('San José','2');
INSERT INTO integrador.Localidad (Nombre,Provincia) VALUES ('Florentino Ameghino','1');
INSERT INTO integrador.Localidad (Nombre,Provincia) VALUES ('Chorotis','3');
INSERT INTO integrador.Localidad (Nombre,Provincia) VALUES ('Andalgalá','2');
INSERT INTO integrador.Localidad (Nombre,Provincia) VALUES ('Carlos Casares','1');
INSERT INTO integrador.Localidad (Nombre,Provincia) VALUES ('Dolavon','4');
INSERT INTO integrador.Localidad (Nombre,Provincia) VALUES ('El Rastreador','5');
INSERT INTO integrador.Localidad (Nombre,Provincia) VALUES ('Capitán Solari','3');
INSERT INTO integrador.Localidad (Nombre,Provincia) VALUES ('Barranqueras','3');
INSERT INTO integrador.Localidad (Nombre,Provincia) VALUES ('Fortín Lugones','8');
INSERT INTO integrador.Localidad (Nombre,Provincia) VALUES ('Saujil','2');
INSERT INTO integrador.Localidad (Nombre,Provincia) VALUES ('La Puerta','2');
INSERT INTO integrador.Localidad (Nombre,Provincia) VALUES ('Villa Ángela','3');
INSERT INTO integrador.Localidad (Nombre,Provincia) VALUES ('Misión Tacaaglé','8');
INSERT INTO integrador.Localidad (Nombre,Provincia) VALUES ('Fontana','3');
INSERT INTO integrador.Localidad (Nombre,Provincia) VALUES ('General Capdevila','3');
INSERT INTO integrador.Localidad (Nombre,Provincia) VALUES ('Belén','2');
INSERT INTO integrador.Localidad (Nombre,Provincia) VALUES ('Charadai','3');
INSERT INTO integrador.Localidad (Nombre,Provincia) VALUES ('Laguna Blanca','8');
INSERT INTO integrador.Localidad (Nombre,Provincia) VALUES ('Makallé','3');
INSERT INTO integrador.Localidad (Nombre,Provincia) VALUES ('Las Vertientes','5');
INSERT INTO integrador.Localidad (Nombre,Provincia) VALUES ('Gran Guardia','8');
INSERT INTO integrador.Localidad (Nombre,Provincia) VALUES ('Kilómetro 658','5');
INSERT INTO integrador.Localidad (Nombre,Provincia) VALUES ('Laguna Blanca','3');
INSERT INTO integrador.Localidad (Nombre,Provincia) VALUES ('La Escondida','3');
INSERT INTO integrador.Localidad (Nombre,Provincia) VALUES ('Campo Largo','3');
INSERT INTO integrador.Localidad (Nombre,Provincia) VALUES ('Lapachito','3');
INSERT INTO integrador.Localidad (Nombre,Provincia) VALUES ('Villa Berthet','3');
INSERT INTO integrador.Localidad (Nombre,Provincia) VALUES ('Presidencia de la Plaza','3');
INSERT INTO integrador.Localidad (Nombre,Provincia) VALUES ('La Clotilde','3');
INSERT INTO integrador.Localidad (Nombre,Provincia) VALUES ('Gancedo','3');
INSERT INTO integrador.Localidad (Nombre,Provincia) VALUES ('Pilcaniyeu','15');
INSERT INTO integrador.Localidad (Nombre,Provincia) VALUES ('La Verde','3');
INSERT INTO integrador.Localidad (Nombre,Provincia) VALUES ('General Pinedo','3');
INSERT INTO integrador.Localidad (Nombre,Provincia) VALUES ('Zanjitas','18');
INSERT INTO integrador.Localidad (Nombre,Provincia) VALUES ('Las Palmas','3');
INSERT INTO integrador.Localidad (Nombre,Provincia) VALUES ('La Tigra','3');
INSERT INTO integrador.Localidad (Nombre,Provincia) VALUES ('Charata','3');
INSERT INTO integrador.Localidad (Nombre,Provincia) VALUES ('Presidencia Roque Sáenz Peña','3');
INSERT INTO integrador.Localidad (Nombre,Provincia) VALUES ('Villa General Güemes','8');
INSERT INTO integrador.Localidad (Nombre,Provincia) VALUES ('Las Breñas','3');
INSERT INTO integrador.Localidad (Nombre,Provincia) VALUES ('General Vedia','3');
INSERT INTO integrador.Localidad (Nombre,Provincia) VALUES ('Avia Terai','3');
INSERT INTO integrador.Localidad (Nombre,Provincia) VALUES ('General San Martín','3');
INSERT INTO integrador.Localidad (Nombre,Provincia) VALUES ('San Martín Dos','8');
INSERT INTO integrador.Localidad (Nombre,Provincia) VALUES ('Portón Negro','8');
INSERT INTO integrador.Localidad (Nombre,Provincia) VALUES ('El Espinillo','8');
INSERT INTO integrador.Localidad (Nombre,Provincia) VALUES ('Tres Lagunas','8');
INSERT INTO integrador.Localidad (Nombre,Provincia) VALUES ('Puerto Eva Perón','3');
INSERT INTO integrador.Localidad (Nombre,Provincia) VALUES ('Napenay','3');
INSERT INTO integrador.Localidad (Nombre,Provincia) VALUES ('Suco','5');
INSERT INTO integrador.Localidad (Nombre,Provincia) VALUES ('Ana Zumarán','5');
INSERT INTO integrador.Localidad (Nombre,Provincia) VALUES ('La Eduvigis','3');
INSERT INTO integrador.Localidad (Nombre,Provincia) VALUES ('Las Garcitas','3');
INSERT INTO integrador.Localidad (Nombre,Provincia) VALUES ('Pampa Almirón','3');
INSERT INTO integrador.Localidad (Nombre,Provincia) VALUES ('Ciervo Petiso','3');
INSERT INTO integrador.Localidad (Nombre,Provincia) VALUES ('Buena Vista','8');
INSERT INTO integrador.Localidad (Nombre,Provincia) VALUES ('Miraflores','3');
INSERT INTO integrador.Localidad (Nombre,Provincia) VALUES ('Laguna Limpia','3');
INSERT INTO integrador.Localidad (Nombre,Provincia) VALUES ('Machagai','3');
INSERT INTO integrador.Localidad (Nombre,Provincia) VALUES ('Quitilipi','3');
INSERT INTO integrador.Localidad (Nombre,Provincia) VALUES ('Presidencia Roca','3');
INSERT INTO integrador.Localidad (Nombre,Provincia) VALUES ('Concepción del Bermejo','3');
INSERT INTO integrador.Localidad (Nombre,Provincia) VALUES ('Los Frentones','3');
INSERT INTO integrador.Localidad (Nombre,Provincia) VALUES ('Villa Río Bermejito','3');
INSERT INTO integrador.Localidad (Nombre,Provincia) VALUES ('Pampa del Infierno','3');
INSERT INTO integrador.Localidad (Nombre,Provincia) VALUES ('Taco Pozo','3');
INSERT INTO integrador.Localidad (Nombre,Provincia) VALUES ('La Leonesa','3');
INSERT INTO integrador.Localidad (Nombre,Provincia) VALUES ('Pampa del Indio','3');
INSERT INTO integrador.Localidad (Nombre,Provincia) VALUES ('Fuerte Esperanza','3');
INSERT INTO integrador.Localidad (Nombre,Provincia) VALUES ('El Sauzalito','3');
INSERT INTO integrador.Localidad (Nombre,Provincia) VALUES ('San Hilario','8');
INSERT INTO integrador.Localidad (Nombre,Provincia) VALUES ('San Ramón','7');
INSERT INTO integrador.Localidad (Nombre,Provincia) VALUES ('Colonia Popular','3');
INSERT INTO integrador.Localidad (Nombre,Provincia) VALUES ('Puerto Madryn','4');
INSERT INTO integrador.Localidad (Nombre,Provincia) VALUES ('Lago Puelo','4');
INSERT INTO integrador.Localidad (Nombre,Provincia) VALUES ('El Hoyo','4');
INSERT INTO integrador.Localidad (Nombre,Provincia) VALUES ('El Maitén','4');
INSERT INTO integrador.Localidad (Nombre,Provincia) VALUES ('Epuyén','4');
INSERT INTO integrador.Localidad (Nombre,Provincia) VALUES ('Cholila','4');
INSERT INTO integrador.Localidad (Nombre,Provincia) VALUES ('Trelew','4');
INSERT INTO integrador.Localidad (Nombre,Provincia) VALUES ('General Manuel Belgrano','8');
INSERT INTO integrador.Localidad (Nombre,Provincia) VALUES ('Camarones','4');
INSERT INTO integrador.Localidad (Nombre,Provincia) VALUES ('Rawson','4');
INSERT INTO integrador.Localidad (Nombre,Provincia) VALUES ('28 de Julio','4');
INSERT INTO integrador.Localidad (Nombre,Provincia) VALUES ('Colan Conhue','4');
INSERT INTO integrador.Localidad (Nombre,Provincia) VALUES ('Buen Pasto','4');
INSERT INTO integrador.Localidad (Nombre,Provincia) VALUES ('José de San Martín','4');
INSERT INTO integrador.Localidad (Nombre,Provincia) VALUES ('Corcovado','4');
INSERT INTO integrador.Localidad (Nombre,Provincia) VALUES ('Esquel','4');
INSERT INTO integrador.Localidad (Nombre,Provincia) VALUES ('Río Mayo','4');
INSERT INTO integrador.Localidad (Nombre,Provincia) VALUES ('Dique Florentino Ameghino','4');
INSERT INTO integrador.Localidad (Nombre,Provincia) VALUES ('Doctor Ricardo Rojas','4');
INSERT INTO integrador.Localidad (Nombre,Provincia) VALUES ('Sarmiento','4');
INSERT INTO integrador.Localidad (Nombre,Provincia) VALUES ('Rada Tilly','4');
INSERT INTO integrador.Localidad (Nombre,Provincia) VALUES ('Telsen','4');
INSERT INTO integrador.Localidad (Nombre,Provincia) VALUES ('Aldea Beleiro','4');
INSERT INTO integrador.Localidad (Nombre,Provincia) VALUES ('Aldea Epulef','4');
INSERT INTO integrador.Localidad (Nombre,Provincia) VALUES ('Carrenleufú','4');
INSERT INTO integrador.Localidad (Nombre,Provincia) VALUES ('Cerro Centinela','4');
INSERT INTO integrador.Localidad (Nombre,Provincia) VALUES ('Subteniente Perín','8');
INSERT INTO integrador.Localidad (Nombre,Provincia) VALUES ('Garibaldi','20');
INSERT INTO integrador.Localidad (Nombre,Provincia) VALUES ('Gobernador Duval','10');
INSERT INTO integrador.Localidad (Nombre,Provincia) VALUES ('Puerto Pirámides','4');
INSERT INTO integrador.Localidad (Nombre,Provincia) VALUES ('Trevelin','4');
INSERT INTO integrador.Localidad (Nombre,Provincia) VALUES ('Formosa','8');
INSERT INTO integrador.Localidad (Nombre,Provincia) VALUES ('Misión San Francisco de Laishi','8');
INSERT INTO integrador.Localidad (Nombre,Provincia) VALUES ('Mayor Villafañe','8');
INSERT INTO integrador.Localidad (Nombre,Provincia) VALUES ('Villa Dos Trece','8');
INSERT INTO integrador.Localidad (Nombre,Provincia) VALUES ('Metileo','10');
INSERT INTO integrador.Localidad (Nombre,Provincia) VALUES ('Uriburu','10');
INSERT INTO integrador.Localidad (Nombre,Provincia) VALUES ('Lonquimay','10');
INSERT INTO integrador.Localidad (Nombre,Provincia) VALUES ('Adolfo Van Praet','10');
INSERT INTO integrador.Localidad (Nombre,Provincia) VALUES ('Dorila','10');
INSERT INTO integrador.Localidad (Nombre,Provincia) VALUES ('El Colorado','8');
INSERT INTO integrador.Localidad (Nombre,Provincia) VALUES ('General Lucio Victorio Mansilla','8');
INSERT INTO integrador.Localidad (Nombre,Provincia) VALUES ('Villa Escolar','8');
INSERT INTO integrador.Localidad (Nombre,Provincia) VALUES ('Maisonave','10');
INSERT INTO integrador.Localidad (Nombre,Provincia) VALUES ('Quetrequén','10');
INSERT INTO integrador.Localidad (Nombre,Provincia) VALUES ('Victorica','10');
INSERT INTO integrador.Localidad (Nombre,Provincia) VALUES ('General Acha','10');
INSERT INTO integrador.Localidad (Nombre,Provincia) VALUES ('Tomás M. Anchorena','10');
INSERT INTO integrador.Localidad (Nombre,Provincia) VALUES ('Relmo','10');
INSERT INTO integrador.Localidad (Nombre,Provincia) VALUES ('Santa Isabel','10');
INSERT INTO integrador.Localidad (Nombre,Provincia) VALUES ('Embajador Martini','10');
INSERT INTO integrador.Localidad (Nombre,Provincia) VALUES ('Telén','10');
INSERT INTO integrador.Localidad (Nombre,Provincia) VALUES ('Maquinchao','15');
INSERT INTO integrador.Localidad (Nombre,Provincia) VALUES ('Luan Toro','10');
INSERT INTO integrador.Localidad (Nombre,Provincia) VALUES ('Carro Quemado','10');
INSERT INTO integrador.Localidad (Nombre,Provincia) VALUES ('Ataliva Roca','10');
INSERT INTO integrador.Localidad (Nombre,Provincia) VALUES ('Alpachiri','10');
INSERT INTO integrador.Localidad (Nombre,Provincia) VALUES ('Guatraché','10');
INSERT INTO integrador.Localidad (Nombre,Provincia) VALUES ('Jacinto Aráuz','10');
INSERT INTO integrador.Localidad (Nombre,Provincia) VALUES ('Catriló','10');
INSERT INTO integrador.Localidad (Nombre,Provincia) VALUES ('Rolón','10');
INSERT INTO integrador.Localidad (Nombre,Provincia) VALUES ('Santa Rosa','10');
INSERT INTO integrador.Localidad (Nombre,Provincia) VALUES ('Colonia Santa María','10');
INSERT INTO integrador.Localidad (Nombre,Provincia) VALUES ('Chacharramendi','10');
INSERT INTO integrador.Localidad (Nombre,Provincia) VALUES ('Dos de Mayo','13');
INSERT INTO integrador.Localidad (Nombre,Provincia) VALUES ('San Gregorio','20');
INSERT INTO integrador.Localidad (Nombre,Provincia) VALUES ('La Reforma','10');
INSERT INTO integrador.Localidad (Nombre,Provincia) VALUES ('Limay Mahuida','10');
INSERT INTO integrador.Localidad (Nombre,Provincia) VALUES ('Puelches','10');
INSERT INTO integrador.Localidad (Nombre,Provincia) VALUES ('Realicó','10');
INSERT INTO integrador.Localidad (Nombre,Provincia) VALUES ('Grutly','20');
INSERT INTO integrador.Localidad (Nombre,Provincia) VALUES ('Vértiz','10');
INSERT INTO integrador.Localidad (Nombre,Provincia) VALUES ('Monte Nievas','10');
INSERT INTO integrador.Localidad (Nombre,Provincia) VALUES ('Abramo','10');
INSERT INTO integrador.Localidad (Nombre,Provincia) VALUES ('Colonia Santa Teresa','10');
INSERT INTO integrador.Localidad (Nombre,Provincia) VALUES ('Macachín','10');
INSERT INTO integrador.Localidad (Nombre,Provincia) VALUES ('General Campos','10');
INSERT INTO integrador.Localidad (Nombre,Provincia) VALUES ('Trenel','10');
INSERT INTO integrador.Localidad (Nombre,Provincia) VALUES ('Cerro Azul','13');
INSERT INTO integrador.Localidad (Nombre,Provincia) VALUES ('Los Menucos','15');
INSERT INTO integrador.Localidad (Nombre,Provincia) VALUES ('Pozo Azul','13');
INSERT INTO integrador.Localidad (Nombre,Provincia) VALUES ('Colonia Aurora','13');
INSERT INTO integrador.Localidad (Nombre,Provincia) VALUES ('Campo Viera','13');
INSERT INTO integrador.Localidad (Nombre,Provincia) VALUES ('Comandante Andresito','13');
INSERT INTO integrador.Localidad (Nombre,Provincia) VALUES ('El Soberbio','13');
INSERT INTO integrador.Localidad (Nombre,Provincia) VALUES ('Jardín América','13');
INSERT INTO integrador.Localidad (Nombre,Provincia) VALUES ('Posadas','13');
INSERT INTO integrador.Localidad (Nombre,Provincia) VALUES ('Panambí','13');
INSERT INTO integrador.Localidad (Nombre,Provincia) VALUES ('Caá Yarí','13');
INSERT INTO integrador.Localidad (Nombre,Provincia) VALUES ('Olegario V. Andrade','13');
INSERT INTO integrador.Localidad (Nombre,Provincia) VALUES ('San Martín','13');
INSERT INTO integrador.Localidad (Nombre,Provincia) VALUES ('Sierra Colorada','15');
INSERT INTO integrador.Localidad (Nombre,Provincia) VALUES ('Garupá','13');
INSERT INTO integrador.Localidad (Nombre,Provincia) VALUES ('Profundidad','13');
INSERT INTO integrador.Localidad (Nombre,Provincia) VALUES ('Ministro Ramos Mexía','15');
INSERT INTO integrador.Localidad (Nombre,Provincia) VALUES ('Coronel Fraga','20');
INSERT INTO integrador.Localidad (Nombre,Provincia) VALUES ('Fachinal','13');
INSERT INTO integrador.Localidad (Nombre,Provincia) VALUES ('El Alcázar','13');
INSERT INTO integrador.Localidad (Nombre,Provincia) VALUES ('Capioví','13');
INSERT INTO integrador.Localidad (Nombre,Provincia) VALUES ('Puerto Iguazú','13');
INSERT INTO integrador.Localidad (Nombre,Provincia) VALUES ('Gobernador López','13');
INSERT INTO integrador.Localidad (Nombre,Provincia) VALUES ('Almafuerte','13');
INSERT INTO integrador.Localidad (Nombre,Provincia) VALUES ('General Urquiza','13');
INSERT INTO integrador.Localidad (Nombre,Provincia) VALUES ('Los Helechos','13');
INSERT INTO integrador.Localidad (Nombre,Provincia) VALUES ('Mojón Grande','13');
INSERT INTO integrador.Localidad (Nombre,Provincia) VALUES ('Oberá','13');
INSERT INTO integrador.Localidad (Nombre,Provincia) VALUES ('Colonia Alberdi','13');
INSERT INTO integrador.Localidad (Nombre,Provincia) VALUES ('Campo Ramón','13');
INSERT INTO integrador.Localidad (Nombre,Provincia) VALUES ('General Alvear','13');
INSERT INTO integrador.Localidad (Nombre,Provincia) VALUES ('Ruiz de Montoya','13');
INSERT INTO integrador.Localidad (Nombre,Provincia) VALUES ('Florentino Ameghino','13');
INSERT INTO integrador.Localidad (Nombre,Provincia) VALUES ('San Javier','13');
INSERT INTO integrador.Localidad (Nombre,Provincia) VALUES ('Dos Arroyos','13');
INSERT INTO integrador.Localidad (Nombre,Provincia) VALUES ('Corpus Christi','13');
INSERT INTO integrador.Localidad (Nombre,Provincia) VALUES ('Santa María','13');
INSERT INTO integrador.Localidad (Nombre,Provincia) VALUES ('Guaraní','13');
INSERT INTO integrador.Localidad (Nombre,Provincia) VALUES ('Arroyo del Medio','13');
INSERT INTO integrador.Localidad (Nombre,Provincia) VALUES ('Concepción de la Sierra','13');
INSERT INTO integrador.Localidad (Nombre,Provincia) VALUES ('San José','13');
INSERT INTO integrador.Localidad (Nombre,Provincia) VALUES ('San Ignacio','13');
INSERT INTO integrador.Localidad (Nombre,Provincia) VALUES ('Monte Oscuridad','20');
INSERT INTO integrador.Localidad (Nombre,Provincia) VALUES ('Azara','13');
INSERT INTO integrador.Localidad (Nombre,Provincia) VALUES ('Apóstoles','13');
INSERT INTO integrador.Localidad (Nombre,Provincia) VALUES ('Colonia Wanda','13');
INSERT INTO integrador.Localidad (Nombre,Provincia) VALUES ('Itacaruaré','13');
INSERT INTO integrador.Localidad (Nombre,Provincia) VALUES ('Tres Capones','13');
INSERT INTO integrador.Localidad (Nombre,Provincia) VALUES ('Sauce Viejo','20');
INSERT INTO integrador.Localidad (Nombre,Provincia) VALUES ('Candelaria','13');
INSERT INTO integrador.Localidad (Nombre,Provincia) VALUES ('Cerro Corá','13');
INSERT INTO integrador.Localidad (Nombre,Provincia) VALUES ('Santa Ana','13');
INSERT INTO integrador.Localidad (Nombre,Provincia) VALUES ('Colonia Rosa','20');
INSERT INTO integrador.Localidad (Nombre,Provincia) VALUES ('Gobernador Roca','13');
INSERT INTO integrador.Localidad (Nombre,Provincia) VALUES ('Colonia Polana','13');
INSERT INTO integrador.Localidad (Nombre,Provincia) VALUES ('Hipólito Yrigoyen','13');
INSERT INTO integrador.Localidad (Nombre,Provincia) VALUES ('Leandro N. Alem','13');
INSERT INTO integrador.Localidad (Nombre,Provincia) VALUES ('Puerto Leoni','13');
INSERT INTO integrador.Localidad (Nombre,Provincia) VALUES ('Montecarlo','13');
INSERT INTO integrador.Localidad (Nombre,Provincia) VALUES ('Eldorado','13');
INSERT INTO integrador.Localidad (Nombre,Provincia) VALUES ('Caraguatay','13');
INSERT INTO integrador.Localidad (Nombre,Provincia) VALUES ('9 de Julio','13');
INSERT INTO integrador.Localidad (Nombre,Provincia) VALUES ('Bonpland','13');
INSERT INTO integrador.Localidad (Nombre,Provincia) VALUES ('Puerto Rico','13');
INSERT INTO integrador.Localidad (Nombre,Provincia) VALUES ('Colonia Delicia','13');
INSERT INTO integrador.Localidad (Nombre,Provincia) VALUES ('Bernardo de Irigoyen','13');
INSERT INTO integrador.Localidad (Nombre,Provincia) VALUES ('Colonia Victoria','13');
INSERT INTO integrador.Localidad (Nombre,Provincia) VALUES ('Santiago de Liniers','13');
INSERT INTO integrador.Localidad (Nombre,Provincia) VALUES ('San Pedro','13');
INSERT INTO integrador.Localidad (Nombre,Provincia) VALUES ('San Mariano','20');
INSERT INTO integrador.Localidad (Nombre,Provincia) VALUES ('Estación Clucellas','20');
INSERT INTO integrador.Localidad (Nombre,Provincia) VALUES ('Tacural','20');
INSERT INTO integrador.Localidad (Nombre,Provincia) VALUES ('Ñorquinco','15');
INSERT INTO integrador.Localidad (Nombre,Provincia) VALUES ('Guardia Mitre','15');
INSERT INTO integrador.Localidad (Nombre,Provincia) VALUES ('Constanza','20');
INSERT INTO integrador.Localidad (Nombre,Provincia) VALUES ('Garuhapé','13');
INSERT INTO integrador.Localidad (Nombre,Provincia) VALUES ('Campo Grande','13');
INSERT INTO integrador.Localidad (Nombre,Provincia) VALUES ('General Conesa','15');
INSERT INTO integrador.Localidad (Nombre,Provincia) VALUES ('Coronel Belisle','15');
INSERT INTO integrador.Localidad (Nombre,Provincia) VALUES ('El Rabón','20');
INSERT INTO integrador.Localidad (Nombre,Provincia) VALUES ('Pomona','15');
INSERT INTO integrador.Localidad (Nombre,Provincia) VALUES ('Choele Choel','15');
INSERT INTO integrador.Localidad (Nombre,Provincia) VALUES ('Saguier','20');
INSERT INTO integrador.Localidad (Nombre,Provincia) VALUES ('Villa Ciudad Parque Los Reartes','5');
INSERT INTO integrador.Localidad (Nombre,Provincia) VALUES ('Lamarque','15');
INSERT INTO integrador.Localidad (Nombre,Provincia) VALUES ('Ataliva','20');
INSERT INTO integrador.Localidad (Nombre,Provincia) VALUES ('Luis Beltrán','15');
INSERT INTO integrador.Localidad (Nombre,Provincia) VALUES ('Darwin','15');
INSERT INTO integrador.Localidad (Nombre,Provincia) VALUES ('Labordeboy','20');
INSERT INTO integrador.Localidad (Nombre,Provincia) VALUES ('Potrero de los Funes','18');
INSERT INTO integrador.Localidad (Nombre,Provincia) VALUES ('Esther','20');
INSERT INTO integrador.Localidad (Nombre,Provincia) VALUES ('Las Parejas','20');
INSERT INTO integrador.Localidad (Nombre,Provincia) VALUES ('Santa Catalina','9');
INSERT INTO integrador.Localidad (Nombre,Provincia) VALUES ('Chimpay','15');
INSERT INTO integrador.Localidad (Nombre,Provincia) VALUES ('General Fernández Oro','15');
INSERT INTO integrador.Localidad (Nombre,Provincia) VALUES ('Chichinales','15');
INSERT INTO integrador.Localidad (Nombre,Provincia) VALUES ('Dina Huapi','15');
INSERT INTO integrador.Localidad (Nombre,Provincia) VALUES ('María Juana','20');
INSERT INTO integrador.Localidad (Nombre,Provincia) VALUES ('San Martín Norte','20');
INSERT INTO integrador.Localidad (Nombre,Provincia) VALUES ('Cervantes','15');
INSERT INTO integrador.Localidad (Nombre,Provincia) VALUES ('Mainqué','15');
INSERT INTO integrador.Localidad (Nombre,Provincia) VALUES ('Colonia Margarita','20');
INSERT INTO integrador.Localidad (Nombre,Provincia) VALUES ('Río Colorado','15');
INSERT INTO integrador.Localidad (Nombre,Provincia) VALUES ('Allen','15');
INSERT INTO integrador.Localidad (Nombre,Provincia) VALUES ('Carmen','20');
INSERT INTO integrador.Localidad (Nombre,Provincia) VALUES ('General Roca','15');
INSERT INTO integrador.Localidad (Nombre,Provincia) VALUES ('Catriel','15');
INSERT INTO integrador.Localidad (Nombre,Provincia) VALUES ('Cafayate','16');
INSERT INTO integrador.Localidad (Nombre,Provincia) VALUES ('General Enrique Godoy','15');
INSERT INTO integrador.Localidad (Nombre,Provincia) VALUES ('Ingeniero Huergo','15');
INSERT INTO integrador.Localidad (Nombre,Provincia) VALUES ('Oliva','5');
INSERT INTO integrador.Localidad (Nombre,Provincia) VALUES ('Villa Regina','15');
INSERT INTO integrador.Localidad (Nombre,Provincia) VALUES ('San Guillermo','20');
INSERT INTO integrador.Localidad (Nombre,Provincia) VALUES ('Maggiolo','20');
INSERT INTO integrador.Localidad (Nombre,Provincia) VALUES ('Puerto General San Martín','20');
INSERT INTO integrador.Localidad (Nombre,Provincia) VALUES ('Florencia','20');
INSERT INTO integrador.Localidad (Nombre,Provincia) VALUES ('Bustinza','20');
INSERT INTO integrador.Localidad (Nombre,Provincia) VALUES ('Villa Ocampo','20');
INSERT INTO integrador.Localidad (Nombre,Provincia) VALUES ('Venado Tuerto','20');
INSERT INTO integrador.Localidad (Nombre,Provincia) VALUES ('Diego de Alvear','20');
INSERT INTO integrador.Localidad (Nombre,Provincia) VALUES ('Lazzarino','20');
INSERT INTO integrador.Localidad (Nombre,Provincia) VALUES ('Rosario','20');
INSERT INTO integrador.Localidad (Nombre,Provincia) VALUES ('Villa Amelia','20');
INSERT INTO integrador.Localidad (Nombre,Provincia) VALUES ('San José del Rincón','20');
INSERT INTO integrador.Localidad (Nombre,Provincia) VALUES ('Recreo','20');
INSERT INTO integrador.Localidad (Nombre,Provincia) VALUES ('Pueblo Marini','20');
INSERT INTO integrador.Localidad (Nombre,Provincia) VALUES ('Maquinista Gallini','5');
INSERT INTO integrador.Localidad (Nombre,Provincia) VALUES ('Pueblo Esther','20');
INSERT INTO integrador.Localidad (Nombre,Provincia) VALUES ('Gessler','20');
INSERT INTO integrador.Localidad (Nombre,Provincia) VALUES ('Monje','20');
INSERT INTO integrador.Localidad (Nombre,Provincia) VALUES ('Palacios','20');
INSERT INTO integrador.Localidad (Nombre,Provincia) VALUES ('San Jaime de la Frontera','7');
INSERT INTO integrador.Localidad (Nombre,Provincia) VALUES ('Santurce','20');
INSERT INTO integrador.Localidad (Nombre,Provincia) VALUES ('León Rouges y Santa Rosa','23');
INSERT INTO integrador.Localidad (Nombre,Provincia) VALUES ('Las Avispas','20');
INSERT INTO integrador.Localidad (Nombre,Provincia) VALUES ('Alcorta','20');
INSERT INTO integrador.Localidad (Nombre,Provincia) VALUES ('Lehmann','20');
INSERT INTO integrador.Localidad (Nombre,Provincia) VALUES ('Dos Rosas y La Legua','20');
INSERT INTO integrador.Localidad (Nombre,Provincia) VALUES ('Arocena','20');
INSERT INTO integrador.Localidad (Nombre,Provincia) VALUES ('San Carlos Centro','20');
INSERT INTO integrador.Localidad (Nombre,Provincia) VALUES ('Santa Fe','20');
INSERT INTO integrador.Localidad (Nombre,Provincia) VALUES ('Coronda','20');
INSERT INTO integrador.Localidad (Nombre,Provincia) VALUES ('Tacuarendi','20');
INSERT INTO integrador.Localidad (Nombre,Provincia) VALUES ('Esteban Rams','20');
INSERT INTO integrador.Localidad (Nombre,Provincia) VALUES ('El Palenque','7');
INSERT INTO integrador.Localidad (Nombre,Provincia) VALUES ('Gato Colorado','20');
INSERT INTO integrador.Localidad (Nombre,Provincia) VALUES ('Traill','20');
INSERT INTO integrador.Localidad (Nombre,Provincia) VALUES ('Vila','20');
INSERT INTO integrador.Localidad (Nombre,Provincia) VALUES ('Los Nogales','23');
INSERT INTO integrador.Localidad (Nombre,Provincia) VALUES ('Pueblo Muñoz','20');
INSERT INTO integrador.Localidad (Nombre,Provincia) VALUES ('Colonia Ana','20');
INSERT INTO integrador.Localidad (Nombre,Provincia) VALUES ('Las Garzas','20');
INSERT INTO integrador.Localidad (Nombre,Provincia) VALUES ('La Cruz','5');
INSERT INTO integrador.Localidad (Nombre,Provincia) VALUES ('Empalme San Carlos','20');
INSERT INTO integrador.Localidad (Nombre,Provincia) VALUES ('Nelson','20');
INSERT INTO integrador.Localidad (Nombre,Provincia) VALUES ('Aldao','20');
INSERT INTO integrador.Localidad (Nombre,Provincia) VALUES ('Esperanza','20');
INSERT INTO integrador.Localidad (Nombre,Provincia) VALUES ('Theobald','20');
INSERT INTO integrador.Localidad (Nombre,Provincia) VALUES ('Angélica','20');
INSERT INTO integrador.Localidad (Nombre,Provincia) VALUES ('Montes de Oca','20');
INSERT INTO integrador.Localidad (Nombre,Provincia) VALUES ('Las Acequias','5');
INSERT INTO integrador.Localidad (Nombre,Provincia) VALUES ('Barrancas','20');
INSERT INTO integrador.Localidad (Nombre,Provincia) VALUES ('Lanteri','20');
INSERT INTO integrador.Localidad (Nombre,Provincia) VALUES ('Emilia','20');
INSERT INTO integrador.Localidad (Nombre,Provincia) VALUES ('María Teresa','20');
INSERT INTO integrador.Localidad (Nombre,Provincia) VALUES ('Vera','20');
INSERT INTO integrador.Localidad (Nombre,Provincia) VALUES ('Pedro Gómez Cello','20');
INSERT INTO integrador.Localidad (Nombre,Provincia) VALUES ('Zenón Pereyra','20');
INSERT INTO integrador.Localidad (Nombre,Provincia) VALUES ('Oliveros','20');
INSERT INTO integrador.Localidad (Nombre,Provincia) VALUES ('Guadalupe Norte','20');
INSERT INTO integrador.Localidad (Nombre,Provincia) VALUES ('Casalegno','20');
INSERT INTO integrador.Localidad (Nombre,Provincia) VALUES ('Hernando','5');
INSERT INTO integrador.Localidad (Nombre,Provincia) VALUES ('Laboulaye','5');
INSERT INTO integrador.Localidad (Nombre,Provincia) VALUES ('Cayastacito','20');
INSERT INTO integrador.Localidad (Nombre,Provincia) VALUES ('Chañar Ladeado','20');
INSERT INTO integrador.Localidad (Nombre,Provincia) VALUES ('Pilar','20');
INSERT INTO integrador.Localidad (Nombre,Provincia) VALUES ('San Antonio de Obligado','20');
INSERT INTO integrador.Localidad (Nombre,Provincia) VALUES ('Avellaneda','20');
INSERT INTO integrador.Localidad (Nombre,Provincia) VALUES ('Santa Clara de Buena Vista','20');
INSERT INTO integrador.Localidad (Nombre,Provincia) VALUES ('Granadero Baigorria','20');
INSERT INTO integrador.Localidad (Nombre,Provincia) VALUES ('Arrufo','20');
INSERT INTO integrador.Localidad (Nombre,Provincia) VALUES ('El Trébol','20');
INSERT INTO integrador.Localidad (Nombre,Provincia) VALUES ('Elisa','20');
INSERT INTO integrador.Localidad (Nombre,Provincia) VALUES ('Crispi','20');
INSERT INTO integrador.Localidad (Nombre,Provincia) VALUES ('San Vicente','20');
INSERT INTO integrador.Localidad (Nombre,Provincia) VALUES ('Curupaity','20');
INSERT INTO integrador.Localidad (Nombre,Provincia) VALUES ('Cavour','20');
INSERT INTO integrador.Localidad (Nombre,Provincia) VALUES ('Villa Mugueta','20');
INSERT INTO integrador.Localidad (Nombre,Provincia) VALUES ('Villa Guillermina','20');
INSERT INTO integrador.Localidad (Nombre,Provincia) VALUES ('Saira','5');
INSERT INTO integrador.Localidad (Nombre,Provincia) VALUES ('López','20');
INSERT INTO integrador.Localidad (Nombre,Provincia) VALUES ('Cafferata','20');
INSERT INTO integrador.Localidad (Nombre,Provincia) VALUES ('La Chispa','20');
INSERT INTO integrador.Localidad (Nombre,Provincia) VALUES ('Santa María Norte','20');
INSERT INTO integrador.Localidad (Nombre,Provincia) VALUES ('Villa Constitución','20');
INSERT INTO integrador.Localidad (Nombre,Provincia) VALUES ('Santa Clara de Saguier','20');
INSERT INTO integrador.Localidad (Nombre,Provincia) VALUES ('Colonia Durán','20');
INSERT INTO integrador.Localidad (Nombre,Provincia) VALUES ('Chilibroste','5');
INSERT INTO integrador.Localidad (Nombre,Provincia) VALUES ('Serodino','20');
INSERT INTO integrador.Localidad (Nombre,Provincia) VALUES ('Sargento Cabral','20');
INSERT INTO integrador.Localidad (Nombre,Provincia) VALUES ('Ramona','20');
INSERT INTO integrador.Localidad (Nombre,Provincia) VALUES ('Ballesteros','5');
INSERT INTO integrador.Localidad (Nombre,Provincia) VALUES ('Casilda','20');
INSERT INTO integrador.Localidad (Nombre,Provincia) VALUES ('Marcelino Escalada','20');
INSERT INTO integrador.Localidad (Nombre,Provincia) VALUES ('La Sarita','20');
INSERT INTO integrador.Localidad (Nombre,Provincia) VALUES ('Margarita','20');
INSERT INTO integrador.Localidad (Nombre,Provincia) VALUES ('Cayastá','20');
INSERT INTO integrador.Localidad (Nombre,Provincia) VALUES ('San Antonio de Litín','5');
INSERT INTO integrador.Localidad (Nombre,Provincia) VALUES ('Pueblo Andino','20');
INSERT INTO integrador.Localidad (Nombre,Provincia) VALUES ('Capivara','20');
INSERT INTO integrador.Localidad (Nombre,Provincia) VALUES ('Villa Cañás','20');
INSERT INTO integrador.Localidad (Nombre,Provincia) VALUES ('San Eduardo','20');
INSERT INTO integrador.Localidad (Nombre,Provincia) VALUES ('Monigotes','20');
INSERT INTO integrador.Localidad (Nombre,Provincia) VALUES ('Bouquet','20');
INSERT INTO integrador.Localidad (Nombre,Provincia) VALUES ('Rufino','20');
INSERT INTO integrador.Localidad (Nombre,Provincia) VALUES ('Frontera','20');
INSERT INTO integrador.Localidad (Nombre,Provincia) VALUES ('Soldini','20');
INSERT INTO integrador.Localidad (Nombre,Provincia) VALUES ('San Javier','20');
INSERT INTO integrador.Localidad (Nombre,Provincia) VALUES ('Los Cardos','20');
INSERT INTO integrador.Localidad (Nombre,Provincia) VALUES ('Arroyo Ceibal','20');
INSERT INTO integrador.Localidad (Nombre,Provincia) VALUES ('Salto Grande','20');
INSERT INTO integrador.Localidad (Nombre,Provincia) VALUES ('Fray Luis Beltrán','20');
INSERT INTO integrador.Localidad (Nombre,Provincia) VALUES ('Sastre y Ortiz','20');
INSERT INTO integrador.Localidad (Nombre,Provincia) VALUES ('Calchaquí','20');
INSERT INTO integrador.Localidad (Nombre,Provincia) VALUES ('El Cadillal','23');
INSERT INTO integrador.Localidad (Nombre,Provincia) VALUES ('Helvecia','20');
INSERT INTO integrador.Localidad (Nombre,Provincia) VALUES ('Casas','20');
INSERT INTO integrador.Localidad (Nombre,Provincia) VALUES ('El Polear y Los Córdoba','23');
INSERT INTO integrador.Localidad (Nombre,Provincia) VALUES ('Peyrano','20');
INSERT INTO integrador.Localidad (Nombre,Provincia) VALUES ('Colonia Vignaud','5');
INSERT INTO integrador.Localidad (Nombre,Provincia) VALUES ('Díaz','20');
INSERT INTO integrador.Localidad (Nombre,Provincia) VALUES ('Piamonte','20');
INSERT INTO integrador.Localidad (Nombre,Provincia) VALUES ('Gaboto','20');
INSERT INTO integrador.Localidad (Nombre,Provincia) VALUES ('Cañada del Ucle','20');
INSERT INTO integrador.Localidad (Nombre,Provincia) VALUES ('Jacinto L. Aráuz','20');
INSERT INTO integrador.Localidad (Nombre,Provincia) VALUES ('Totoras','20');
INSERT INTO integrador.Localidad (Nombre,Provincia) VALUES ('Santa Isabel','20');
INSERT INTO integrador.Localidad (Nombre,Provincia) VALUES ('Classon','20');
INSERT INTO integrador.Localidad (Nombre,Provincia) VALUES ('Sa Pereyra','20');
INSERT INTO integrador.Localidad (Nombre,Provincia) VALUES ('Presidente Roca','20');
INSERT INTO integrador.Localidad (Nombre,Provincia) VALUES ('Luis Palacios','20');
INSERT INTO integrador.Localidad (Nombre,Provincia) VALUES ('San Francisco de Santa Fe','20');
INSERT INTO integrador.Localidad (Nombre,Provincia) VALUES ('Rosario de Lerma','16');
INSERT INTO integrador.Localidad (Nombre,Provincia) VALUES ('Toro Pujio','5');
INSERT INTO integrador.Localidad (Nombre,Provincia) VALUES ('Coronel Moldes','5');
INSERT INTO integrador.Localidad (Nombre,Provincia) VALUES ('General Gelly','20');
INSERT INTO integrador.Localidad (Nombre,Provincia) VALUES ('La Camila','20');
INSERT INTO integrador.Localidad (Nombre,Provincia) VALUES ('Cululú','20');
INSERT INTO integrador.Localidad (Nombre,Provincia) VALUES ('Las Toscas','20');
INSERT INTO integrador.Localidad (Nombre,Provincia) VALUES ('Bombal','20');
INSERT INTO integrador.Localidad (Nombre,Provincia) VALUES ('Eustolia','20');
INSERT INTO integrador.Localidad (Nombre,Provincia) VALUES ('San Agustín','20');
INSERT INTO integrador.Localidad (Nombre,Provincia) VALUES ('Portugalete','20');
INSERT INTO integrador.Localidad (Nombre,Provincia) VALUES ('Hipatía','20');
INSERT INTO integrador.Localidad (Nombre,Provincia) VALUES ('Villa San José','20');
INSERT INTO integrador.Localidad (Nombre,Provincia) VALUES ('Santa María Centro','20');
INSERT INTO integrador.Localidad (Nombre,Provincia) VALUES ('Villa Gobernador Gálvez','20');
INSERT INTO integrador.Localidad (Nombre,Provincia) VALUES ('Ambrosetti','20');
INSERT INTO integrador.Localidad (Nombre,Provincia) VALUES ('Fuentes','20');
INSERT INTO integrador.Localidad (Nombre,Provincia) VALUES ('Colonia Italiana','5');
INSERT INTO integrador.Localidad (Nombre,Provincia) VALUES ('Esmeralda','20');
INSERT INTO integrador.Localidad (Nombre,Provincia) VALUES ('San Javier y Yacanto','5');
INSERT INTO integrador.Localidad (Nombre,Provincia) VALUES ('Capitán Bermúdez','20');
INSERT INTO integrador.Localidad (Nombre,Provincia) VALUES ('Egusquiza','20');
INSERT INTO integrador.Localidad (Nombre,Provincia) VALUES ('Gregoria Pérez de Denis','20');
INSERT INTO integrador.Localidad (Nombre,Provincia) VALUES ('Sarmiento','20');
INSERT INTO integrador.Localidad (Nombre,Provincia) VALUES ('Pueblo Italiano','5');
INSERT INTO integrador.Localidad (Nombre,Provincia) VALUES ('Silva','20');
INSERT INTO integrador.Localidad (Nombre,Provincia) VALUES ('María Luisa','20');
INSERT INTO integrador.Localidad (Nombre,Provincia) VALUES ('Arteaga','20');
INSERT INTO integrador.Localidad (Nombre,Provincia) VALUES ('Larrechea','20');
INSERT INTO integrador.Localidad (Nombre,Provincia) VALUES ('Colonia Mascías','20');
INSERT INTO integrador.Localidad (Nombre,Provincia) VALUES ('Villada','20');
INSERT INTO integrador.Localidad (Nombre,Provincia) VALUES ('Arroyo Seco','20');
INSERT INTO integrador.Localidad (Nombre,Provincia) VALUES ('Colonia Bigand','20');
INSERT INTO integrador.Localidad (Nombre,Provincia) VALUES ('Intiyaco','20');
INSERT INTO integrador.Localidad (Nombre,Provincia) VALUES ('Las Petacas','20');
INSERT INTO integrador.Localidad (Nombre,Provincia) VALUES ('San Bernardo','20');
INSERT INTO integrador.Localidad (Nombre,Provincia) VALUES ('Bigand','20');
INSERT INTO integrador.Localidad (Nombre,Provincia) VALUES ('Plaza Clucellas','20');
INSERT INTO integrador.Localidad (Nombre,Provincia) VALUES ('La Penca y Caraguatá','20');
INSERT INTO integrador.Localidad (Nombre,Provincia) VALUES ('Ricardone','20');
INSERT INTO integrador.Localidad (Nombre,Provincia) VALUES ('Landeta','20');
INSERT INTO integrador.Localidad (Nombre,Provincia) VALUES ('Ituzaingó','20');
INSERT INTO integrador.Localidad (Nombre,Provincia) VALUES ('Monte Vera','20');
INSERT INTO integrador.Localidad (Nombre,Provincia) VALUES ('Angeloni','20');
INSERT INTO integrador.Localidad (Nombre,Provincia) VALUES ('Moisés Ville','20');
INSERT INTO integrador.Localidad (Nombre,Provincia) VALUES ('La Rubia','20');
INSERT INTO integrador.Localidad (Nombre,Provincia) VALUES ('Melincué','20');
INSERT INTO integrador.Localidad (Nombre,Provincia) VALUES ('Golondrina','20');
INSERT INTO integrador.Localidad (Nombre,Provincia) VALUES ('Armstrong','20');
INSERT INTO integrador.Localidad (Nombre,Provincia) VALUES ('Elortondo','20');
INSERT INTO integrador.Localidad (Nombre,Provincia) VALUES ('Castellanos','20');
INSERT INTO integrador.Localidad (Nombre,Provincia) VALUES ('San Lorenzo','20');
INSERT INTO integrador.Localidad (Nombre,Provincia) VALUES ('Cañada Rosquín','20');
INSERT INTO integrador.Localidad (Nombre,Provincia) VALUES ('Nuevo Torino','20');
INSERT INTO integrador.Localidad (Nombre,Provincia) VALUES ('San Carlos Sud','20');
INSERT INTO integrador.Localidad (Nombre,Provincia) VALUES ('Pérez','20');
INSERT INTO integrador.Localidad (Nombre,Provincia) VALUES ('San Martín de las Escobas','20');
INSERT INTO integrador.Localidad (Nombre,Provincia) VALUES ('La Cabral','20');
INSERT INTO integrador.Localidad (Nombre,Provincia) VALUES ('Las Aguadas','18');
INSERT INTO integrador.Localidad (Nombre,Provincia) VALUES ('Llambí Campbell','20');
INSERT INTO integrador.Localidad (Nombre,Provincia) VALUES ('Ibarlucea','20');
INSERT INTO integrador.Localidad (Nombre,Provincia) VALUES ('San José de la Esquina','20');
INSERT INTO integrador.Localidad (Nombre,Provincia) VALUES ('Pujato','20');
INSERT INTO integrador.Localidad (Nombre,Provincia) VALUES ('Matilde','20');
INSERT INTO integrador.Localidad (Nombre,Provincia) VALUES ('Soutomayor','20');
INSERT INTO integrador.Localidad (Nombre,Provincia) VALUES ('Ñanducita','20');
INSERT INTO integrador.Localidad (Nombre,Provincia) VALUES ('Los Quirquinchos','20');
INSERT INTO integrador.Localidad (Nombre,Provincia) VALUES ('Rueda','20');
INSERT INTO integrador.Localidad (Nombre,Provincia) VALUES ('Tacurales','20');
INSERT INTO integrador.Localidad (Nombre,Provincia) VALUES ('Malabrigo','20');
INSERT INTO integrador.Localidad (Nombre,Provincia) VALUES ('La Criolla','20');
INSERT INTO integrador.Localidad (Nombre,Provincia) VALUES ('Colonia Maua','20');
INSERT INTO integrador.Localidad (Nombre,Provincia) VALUES ('Humboldt','20');
INSERT INTO integrador.Localidad (Nombre,Provincia) VALUES ('Las Varillas','5');
INSERT INTO integrador.Localidad (Nombre,Provincia) VALUES ('Villa Eloísa','20');
INSERT INTO integrador.Localidad (Nombre,Provincia) VALUES ('Bialet Massé','5');
INSERT INTO integrador.Localidad (Nombre,Provincia) VALUES ('General Roca','7');
INSERT INTO integrador.Localidad (Nombre,Provincia) VALUES ('Laguna Paiva','20');
INSERT INTO integrador.Localidad (Nombre,Provincia) VALUES ('Las Tunas','20');
INSERT INTO integrador.Localidad (Nombre,Provincia) VALUES ('Potrero de Garay','5');
INSERT INTO integrador.Localidad (Nombre,Provincia) VALUES ('Albarellos','20');
INSERT INTO integrador.Localidad (Nombre,Provincia) VALUES ('Gálvez','20');
INSERT INTO integrador.Localidad (Nombre,Provincia) VALUES ('San Bernardo','20');
INSERT INTO integrador.Localidad (Nombre,Provincia) VALUES ('Josefina','20');
INSERT INTO integrador.Localidad (Nombre,Provincia) VALUES ('Alejandra','20');
INSERT INTO integrador.Localidad (Nombre,Provincia) VALUES ('Villa Fontana','7');
INSERT INTO integrador.Localidad (Nombre,Provincia) VALUES ('Santa Rosa de Calchines','20');
INSERT INTO integrador.Localidad (Nombre,Provincia) VALUES ('Teodelina','20');
INSERT INTO integrador.Localidad (Nombre,Provincia) VALUES ('Arminda','20');
INSERT INTO integrador.Localidad (Nombre,Provincia) VALUES ('Chucul','5');
INSERT INTO integrador.Localidad (Nombre,Provincia) VALUES ('Castelar','20');
INSERT INTO integrador.Localidad (Nombre,Provincia) VALUES ('Naré','20');
INSERT INTO integrador.Localidad (Nombre,Provincia) VALUES ('Pozo Borrado','20');
INSERT INTO integrador.Localidad (Nombre,Provincia) VALUES ('Rafael García','5');
INSERT INTO integrador.Localidad (Nombre,Provincia) VALUES ('Videla','20');
INSERT INTO integrador.Localidad (Nombre,Provincia) VALUES ('La Para','5');
INSERT INTO integrador.Localidad (Nombre,Provincia) VALUES ('Máximo Paz','20');
INSERT INTO integrador.Localidad (Nombre,Provincia) VALUES ('Tafí Viejo','23');
INSERT INTO integrador.Localidad (Nombre,Provincia) VALUES ('Coronel Domínguez','20');
INSERT INTO integrador.Localidad (Nombre,Provincia) VALUES ('General Cabrera','5');
INSERT INTO integrador.Localidad (Nombre,Provincia) VALUES ('Burruyacú','23');
INSERT INTO integrador.Localidad (Nombre,Provincia) VALUES ('Lucio V. López','20');
INSERT INTO integrador.Localidad (Nombre,Provincia) VALUES ('Campo Piaggio','20');
INSERT INTO integrador.Localidad (Nombre,Provincia) VALUES ('San José de los Cerrillos','16');
INSERT INTO integrador.Localidad (Nombre,Provincia) VALUES ('General Fotheringham','5');
INSERT INTO integrador.Localidad (Nombre,Provincia) VALUES ('Cevil Redondo','23');
INSERT INTO integrador.Localidad (Nombre,Provincia) VALUES ('Arequito','20');
INSERT INTO integrador.Localidad (Nombre,Provincia) VALUES ('Santa Teresa','20');
INSERT INTO integrador.Localidad (Nombre,Provincia) VALUES ('Alto Pencoso','18');
INSERT INTO integrador.Localidad (Nombre,Provincia) VALUES ('Campo Quijano','16');
INSERT INTO integrador.Localidad (Nombre,Provincia) VALUES ('Alto Alegre','5');
INSERT INTO integrador.Localidad (Nombre,Provincia) VALUES ('Cañada Ombú','20');
INSERT INTO integrador.Localidad (Nombre,Provincia) VALUES ('Las Bandurrias','20');
INSERT INTO integrador.Localidad (Nombre,Provincia) VALUES ('Brinkmann','5');
INSERT INTO integrador.Localidad (Nombre,Provincia) VALUES ('Gobernador Crespo','20');
INSERT INTO integrador.Localidad (Nombre,Provincia) VALUES ('El Sombrerito','20');
INSERT INTO integrador.Localidad (Nombre,Provincia) VALUES ('Fidela','20');
INSERT INTO integrador.Localidad (Nombre,Provincia) VALUES ('San Martín','18');
INSERT INTO integrador.Localidad (Nombre,Provincia) VALUES ('Colonia Dolores','20');
INSERT INTO integrador.Localidad (Nombre,Provincia) VALUES ('Juncal','20');
INSERT INTO integrador.Localidad (Nombre,Provincia) VALUES ('Alvear','20');
INSERT INTO integrador.Localidad (Nombre,Provincia) VALUES ('Bernardo de Irigoyen','20');
INSERT INTO integrador.Localidad (Nombre,Provincia) VALUES ('San José','20');
INSERT INTO integrador.Localidad (Nombre,Provincia) VALUES ('Santo Tomé','20');
INSERT INTO integrador.Localidad (Nombre,Provincia) VALUES ('Galisteo','20');
INSERT INTO integrador.Localidad (Nombre,Provincia) VALUES ('Villa Minetti','20');
INSERT INTO integrador.Localidad (Nombre,Provincia) VALUES ('General Lagos','20');
INSERT INTO integrador.Localidad (Nombre,Provincia) VALUES ('San Jerónimo Sud','20');
INSERT INTO integrador.Localidad (Nombre,Provincia) VALUES ('Isla de Cañas','16');
INSERT INTO integrador.Localidad (Nombre,Provincia) VALUES ('Tartagal','20');
INSERT INTO integrador.Localidad (Nombre,Provincia) VALUES ('Despeñaderos','5');
INSERT INTO integrador.Localidad (Nombre,Provincia) VALUES ('San Juan','17');
INSERT INTO integrador.Localidad (Nombre,Provincia) VALUES ('Cabal','20');
INSERT INTO integrador.Localidad (Nombre,Provincia) VALUES ('Embalse','5');
INSERT INTO integrador.Localidad (Nombre,Provincia) VALUES ('Cañada de Gómez','20');
INSERT INTO integrador.Localidad (Nombre,Provincia) VALUES ('La Vanguardia','20');
INSERT INTO integrador.Localidad (Nombre,Provincia) VALUES ('Plaza de Mercedes','5');
INSERT INTO integrador.Localidad (Nombre,Provincia) VALUES ('Campo Andino','20');
INSERT INTO integrador.Localidad (Nombre,Provincia) VALUES ('Wheelwright','20');
INSERT INTO integrador.Localidad (Nombre,Provincia) VALUES ('Carrizales','20');
INSERT INTO integrador.Localidad (Nombre,Provincia) VALUES ('Irigoyen','20');
INSERT INTO integrador.Localidad (Nombre,Provincia) VALUES ('Franck','20');
INSERT INTO integrador.Localidad (Nombre,Provincia) VALUES ('Christophersen','20');
INSERT INTO integrador.Localidad (Nombre,Provincia) VALUES ('Carreras','20');
INSERT INTO integrador.Localidad (Nombre,Provincia) VALUES ('Los Amores','20');
INSERT INTO integrador.Localidad (Nombre,Provincia) VALUES ('Felicia','20');
INSERT INTO integrador.Localidad (Nombre,Provincia) VALUES ('Murphy','20');
INSERT INTO integrador.Localidad (Nombre,Provincia) VALUES ('Distrito Pajonal','7');
INSERT INTO integrador.Localidad (Nombre,Provincia) VALUES ('Los Molinos','20');
INSERT INTO integrador.Localidad (Nombre,Provincia) VALUES ('Empalme Villa Constitución','20');
INSERT INTO integrador.Localidad (Nombre,Provincia) VALUES ('Las Lagunas','18');
INSERT INTO integrador.Localidad (Nombre,Provincia) VALUES ('Tortugas','20');
INSERT INTO integrador.Localidad (Nombre,Provincia) VALUES ('La Lucila','20');
INSERT INTO integrador.Localidad (Nombre,Provincia) VALUES ('Bella Italia','20');
INSERT INTO integrador.Localidad (Nombre,Provincia) VALUES ('Ceres','20');
INSERT INTO integrador.Localidad (Nombre,Provincia) VALUES ('Garabato','20');
INSERT INTO integrador.Localidad (Nombre,Provincia) VALUES ('Sancti Spiritu','20');
INSERT INTO integrador.Localidad (Nombre,Provincia) VALUES ('Loma Alta','20');
INSERT INTO integrador.Localidad (Nombre,Provincia) VALUES ('La Cocha','23');
INSERT INTO integrador.Localidad (Nombre,Provincia) VALUES ('Aconquija','2');
INSERT INTO integrador.Localidad (Nombre,Provincia) VALUES ('El Araza','20');
INSERT INTO integrador.Localidad (Nombre,Provincia) VALUES ('Roldán','20');
INSERT INTO integrador.Localidad (Nombre,Provincia) VALUES ('Eusebia y Carolina','20');
INSERT INTO integrador.Localidad (Nombre,Provincia) VALUES ('La Brava','20');
INSERT INTO integrador.Localidad (Nombre,Provincia) VALUES ('Los Laureles','20');
INSERT INTO integrador.Localidad (Nombre,Provincia) VALUES ('Chapuy','20');
INSERT INTO integrador.Localidad (Nombre,Provincia) VALUES ('Miguel Torres','20');
INSERT INTO integrador.Localidad (Nombre,Provincia) VALUES ('Montefiore','20');
INSERT INTO integrador.Localidad (Nombre,Provincia) VALUES ('Las Palmeras','20');
INSERT INTO integrador.Localidad (Nombre,Provincia) VALUES ('Carlos Pellegrini','20');
INSERT INTO integrador.Localidad (Nombre,Provincia) VALUES ('Villa Trinidad','20');
INSERT INTO integrador.Localidad (Nombre,Provincia) VALUES ('Colonia Bossi','20');
INSERT INTO integrador.Localidad (Nombre,Provincia) VALUES ('Colalao del Valle','23');
INSERT INTO integrador.Localidad (Nombre,Provincia) VALUES ('Toba','20');
INSERT INTO integrador.Localidad (Nombre,Provincia) VALUES ('Punta del Agua','5');
INSERT INTO integrador.Localidad (Nombre,Provincia) VALUES ('Rafaela','20');
INSERT INTO integrador.Localidad (Nombre,Provincia) VALUES ('Funes','20');
INSERT INTO integrador.Localidad (Nombre,Provincia) VALUES ('María Susana','20');
INSERT INTO integrador.Localidad (Nombre,Provincia) VALUES ('Santa Margarita','20');
INSERT INTO integrador.Localidad (Nombre,Provincia) VALUES ('Cañada Rica','20');
INSERT INTO integrador.Localidad (Nombre,Provincia) VALUES ('Firmat','20');
INSERT INTO integrador.Localidad (Nombre,Provincia) VALUES ('Elena','5');
INSERT INTO integrador.Localidad (Nombre,Provincia) VALUES ('Centeno','20');
INSERT INTO integrador.Localidad (Nombre,Provincia) VALUES ('San Antonio','20');
INSERT INTO integrador.Localidad (Nombre,Provincia) VALUES ('San Carlos Norte','20');
INSERT INTO integrador.Localidad (Nombre,Provincia) VALUES ('Colonia Raquel','20');
INSERT INTO integrador.Localidad (Nombre,Provincia) VALUES ('Quebracho Herrado','5');
INSERT INTO integrador.Localidad (Nombre,Provincia) VALUES ('Candioti','20');
INSERT INTO integrador.Localidad (Nombre,Provincia) VALUES ('La Playosa','5');
INSERT INTO integrador.Localidad (Nombre,Provincia) VALUES ('Colonia Vicente Agüero','5');
INSERT INTO integrador.Localidad (Nombre,Provincia) VALUES ('Manuel García Fernández','23');
INSERT INTO integrador.Localidad (Nombre,Provincia) VALUES ('Hersilia','20');
INSERT INTO integrador.Localidad (Nombre,Provincia) VALUES ('Colonia Belgrano','20');
INSERT INTO integrador.Localidad (Nombre,Provincia) VALUES ('Berabevú','20');
INSERT INTO integrador.Localidad (Nombre,Provincia) VALUES ('San Cristóbal','20');
INSERT INTO integrador.Localidad (Nombre,Provincia) VALUES ('Gödeken','20');
INSERT INTO integrador.Localidad (Nombre,Provincia) VALUES ('San Genaro','20');
INSERT INTO integrador.Localidad (Nombre,Provincia) VALUES ('Sunchales','20');
INSERT INTO integrador.Localidad (Nombre,Provincia) VALUES ('Las Talas','23');
INSERT INTO integrador.Localidad (Nombre,Provincia) VALUES ('Chabas','20');
INSERT INTO integrador.Localidad (Nombre,Provincia) VALUES ('Berna','20');
INSERT INTO integrador.Localidad (Nombre,Provincia) VALUES ('San Jorge','20');
INSERT INTO integrador.Localidad (Nombre,Provincia) VALUES ('Carcarañá','20');
INSERT INTO integrador.Localidad (Nombre,Provincia) VALUES ('Zavalla','20');
INSERT INTO integrador.Localidad (Nombre,Provincia) VALUES ('Álvarez','20');
INSERT INTO integrador.Localidad (Nombre,Provincia) VALUES ('Arroyo Aguiar','20');
INSERT INTO integrador.Localidad (Nombre,Provincia) VALUES ('Juan de Garay','20');
INSERT INTO integrador.Localidad (Nombre,Provincia) VALUES ('Sanford','20');
INSERT INTO integrador.Localidad (Nombre,Provincia) VALUES ('Quilmes y Los Sueldos','23');
INSERT INTO integrador.Localidad (Nombre,Provincia) VALUES ('Cepeda','20');
INSERT INTO integrador.Localidad (Nombre,Provincia) VALUES ('Bernardo Larroudé','10');
INSERT INTO integrador.Localidad (Nombre,Provincia) VALUES ('Vera y Pintado','20');
INSERT INTO integrador.Localidad (Nombre,Provincia) VALUES ('Las Rosas','20');
INSERT INTO integrador.Localidad (Nombre,Provincia) VALUES ('Colonia Iturraspe','20');
INSERT INTO integrador.Localidad (Nombre,Provincia) VALUES ('General Mosconi','16');
INSERT INTO integrador.Localidad (Nombre,Provincia) VALUES ('Juan B. Molina','20');
INSERT INTO integrador.Localidad (Nombre,Provincia) VALUES ('Luca','5');
INSERT INTO integrador.Localidad (Nombre,Provincia) VALUES ('Colonia Clara','20');
INSERT INTO integrador.Localidad (Nombre,Provincia) VALUES ('Villa del Dique','5');
INSERT INTO integrador.Localidad (Nombre,Provincia) VALUES ('Independencia','11');
INSERT INTO integrador.Localidad (Nombre,Provincia) VALUES ('General Lamadrid','11');
INSERT INTO integrador.Localidad (Nombre,Provincia) VALUES ('Tres de Abril','6');
INSERT INTO integrador.Localidad (Nombre,Provincia) VALUES ('Maciel','20');
INSERT INTO integrador.Localidad (Nombre,Provincia) VALUES ('Fortín Olmos','20');
INSERT INTO integrador.Localidad (Nombre,Provincia) VALUES ('La Laguna','5');
INSERT INTO integrador.Localidad (Nombre,Provincia) VALUES ('La Población','5');
INSERT INTO integrador.Localidad (Nombre,Provincia) VALUES ('Palpalá','9');
INSERT INTO integrador.Localidad (Nombre,Provincia) VALUES ('La Pampa','5');
INSERT INTO integrador.Localidad (Nombre,Provincia) VALUES ('El Aguilar','9');
INSERT INTO integrador.Localidad (Nombre,Provincia) VALUES ('Capitán General Bernardo O\'Higgins','5');
INSERT INTO integrador.Localidad (Nombre,Provincia) VALUES ('Villa de Merlo','18');
INSERT INTO integrador.Localidad (Nombre,Provincia) VALUES ('Urundel','16');
INSERT INTO integrador.Localidad (Nombre,Provincia) VALUES ('Yerba Buena','23');
INSERT INTO integrador.Localidad (Nombre,Provincia) VALUES ('La Quinta','5');
INSERT INTO integrador.Localidad (Nombre,Provincia) VALUES ('San Rafael','12');
INSERT INTO integrador.Localidad (Nombre,Provincia) VALUES ('La Rinconada','5');
INSERT INTO integrador.Localidad (Nombre,Provincia) VALUES ('La Higuera','5');
INSERT INTO integrador.Localidad (Nombre,Provincia) VALUES ('La Paz','5');
INSERT INTO integrador.Localidad (Nombre,Provincia) VALUES ('Cachi','16');
INSERT INTO integrador.Localidad (Nombre,Provincia) VALUES ('Juan Jorba','18');
INSERT INTO integrador.Localidad (Nombre,Provincia) VALUES ('La Paisanita','5');
INSERT INTO integrador.Localidad (Nombre,Provincia) VALUES ('La Paquita','5');
INSERT INTO integrador.Localidad (Nombre,Provincia) VALUES ('La Playa','5');
INSERT INTO integrador.Localidad (Nombre,Provincia) VALUES ('Susques','9');
INSERT INTO integrador.Localidad (Nombre,Provincia) VALUES ('Huacalera','9');
INSERT INTO integrador.Localidad (Nombre,Provincia) VALUES ('Santa Ana','9');
INSERT INTO integrador.Localidad (Nombre,Provincia) VALUES ('El Moreno','9');
INSERT INTO integrador.Localidad (Nombre,Provincia) VALUES ('Catua','9');
INSERT INTO integrador.Localidad (Nombre,Provincia) VALUES ('Pampichuela','9');
INSERT INTO integrador.Localidad (Nombre,Provincia) VALUES ('Tilcara','9');
INSERT INTO integrador.Localidad (Nombre,Provincia) VALUES ('Caimancito','9');
INSERT INTO integrador.Localidad (Nombre,Provincia) VALUES ('Valle Grande','9');
INSERT INTO integrador.Localidad (Nombre,Provincia) VALUES ('Calilegua','9');
INSERT INTO integrador.Localidad (Nombre,Provincia) VALUES ('San Francisco','9');
INSERT INTO integrador.Localidad (Nombre,Provincia) VALUES ('Libertador General San Martín','9');
INSERT INTO integrador.Localidad (Nombre,Provincia) VALUES ('Vinalito','9');
INSERT INTO integrador.Localidad (Nombre,Provincia) VALUES ('Cieneguillas','9');
INSERT INTO integrador.Localidad (Nombre,Provincia) VALUES ('Leandro N. Alem','18');
INSERT INTO integrador.Localidad (Nombre,Provincia) VALUES ('El Bordo','16');
INSERT INTO integrador.Localidad (Nombre,Provincia) VALUES ('Las Albahacas','5');
INSERT INTO integrador.Localidad (Nombre,Provincia) VALUES ('Los Bulacio y Los Villagra','23');
INSERT INTO integrador.Localidad (Nombre,Provincia) VALUES ('La Posta','5');
INSERT INTO integrador.Localidad (Nombre,Provincia) VALUES ('Barrios','9');
INSERT INTO integrador.Localidad (Nombre,Provincia) VALUES ('Pumahuasi','9');
INSERT INTO integrador.Localidad (Nombre,Provincia) VALUES ('El Cóndor','9');
INSERT INTO integrador.Localidad (Nombre,Provincia) VALUES ('Rinconada','9');
INSERT INTO integrador.Localidad (Nombre,Provincia) VALUES ('Hipólito Yrigoyen','9');
INSERT INTO integrador.Localidad (Nombre,Provincia) VALUES ('Abralaite','9');
INSERT INTO integrador.Localidad (Nombre,Provincia) VALUES ('Tres Cruces','9');
INSERT INTO integrador.Localidad (Nombre,Provincia) VALUES ('Abdón Castro Tolay','9');
INSERT INTO integrador.Localidad (Nombre,Provincia) VALUES ('Humahuaca','9');
INSERT INTO integrador.Localidad (Nombre,Provincia) VALUES ('Antofagasta de la Sierra','2');
INSERT INTO integrador.Localidad (Nombre,Provincia) VALUES ('Ancasti','2');
INSERT INTO integrador.Localidad (Nombre,Provincia) VALUES ('Pomán','2');
INSERT INTO integrador.Localidad (Nombre,Provincia) VALUES ('Los Varela','2');
INSERT INTO integrador.Localidad (Nombre,Provincia) VALUES ('Villa de las Rosas','5');
INSERT INTO integrador.Localidad (Nombre,Provincia) VALUES ('Valle Viejo','2');
INSERT INTO integrador.Localidad (Nombre,Provincia) VALUES ('Fraile Pintado','9');
INSERT INTO integrador.Localidad (Nombre,Provincia) VALUES ('Tinogasta','2');
INSERT INTO integrador.Localidad (Nombre,Provincia) VALUES ('Luján de Cuyo','12');
INSERT INTO integrador.Localidad (Nombre,Provincia) VALUES ('Guaymallén','12');
INSERT INTO integrador.Localidad (Nombre,Provincia) VALUES ('Villa Ciudad de América','5');
INSERT INTO integrador.Localidad (Nombre,Provincia) VALUES ('Maipú','12');
INSERT INTO integrador.Localidad (Nombre,Provincia) VALUES ('Reducción','5');
INSERT INTO integrador.Localidad (Nombre,Provincia) VALUES ('Icaño','2');
INSERT INTO integrador.Localidad (Nombre,Provincia) VALUES ('Rayo Cortado','5');
INSERT INTO integrador.Localidad (Nombre,Provincia) VALUES ('Mendoza','12');
INSERT INTO integrador.Localidad (Nombre,Provincia) VALUES ('Corral Quemado','2');
INSERT INTO integrador.Localidad (Nombre,Provincia) VALUES ('Chamical','11');
INSERT INTO integrador.Localidad (Nombre,Provincia) VALUES ('Las Lajitas','16');
INSERT INTO integrador.Localidad (Nombre,Provincia) VALUES ('San Martín','12');
INSERT INTO integrador.Localidad (Nombre,Provincia) VALUES ('Villa de Pocho','5');
INSERT INTO integrador.Localidad (Nombre,Provincia) VALUES ('Raco','23');
INSERT INTO integrador.Localidad (Nombre,Provincia) VALUES ('Amaicha del Valle','23');
INSERT INTO integrador.Localidad (Nombre,Provincia) VALUES ('San Javier','23');
INSERT INTO integrador.Localidad (Nombre,Provincia) VALUES ('Junín','12');
INSERT INTO integrador.Localidad (Nombre,Provincia) VALUES ('Villa de María','5');
INSERT INTO integrador.Localidad (Nombre,Provincia) VALUES ('General Ortiz de Ocampo','11');
INSERT INTO integrador.Localidad (Nombre,Provincia) VALUES ('General Belgrano','11');
INSERT INTO integrador.Localidad (Nombre,Provincia) VALUES ('San Ramón de la Nueva Orán','16');
INSERT INTO integrador.Localidad (Nombre,Provincia) VALUES ('Los Toldos','16');
INSERT INTO integrador.Localidad (Nombre,Provincia) VALUES ('La Esperanza','23');
INSERT INTO integrador.Localidad (Nombre,Provincia) VALUES ('Villa de Soto','5');
INSERT INTO integrador.Localidad (Nombre,Provincia) VALUES ('Colonia Valtelina','5');
INSERT INTO integrador.Localidad (Nombre,Provincia) VALUES ('Conlara','5');
INSERT INTO integrador.Localidad (Nombre,Provincia) VALUES ('Tosno','5');
INSERT INTO integrador.Localidad (Nombre,Provincia) VALUES ('Del Campillo','5');
INSERT INTO integrador.Localidad (Nombre,Provincia) VALUES ('Arauco','11');
INSERT INTO integrador.Localidad (Nombre,Provincia) VALUES ('Villa del Rosario','5');
INSERT INTO integrador.Localidad (Nombre,Provincia) VALUES ('Mutquin','2');
INSERT INTO integrador.Localidad (Nombre,Provincia) VALUES ('Rivadavia','12');
INSERT INTO integrador.Localidad (Nombre,Provincia) VALUES ('Sauce Arriba','5');
INSERT INTO integrador.Localidad (Nombre,Provincia) VALUES ('Villa Sarmiento','5');
INSERT INTO integrador.Localidad (Nombre,Provincia) VALUES ('La Caldera','16');
INSERT INTO integrador.Localidad (Nombre,Provincia) VALUES ('Santa Rosa','12');
INSERT INTO integrador.Localidad (Nombre,Provincia) VALUES ('El Potrero','16');
INSERT INTO integrador.Localidad (Nombre,Provincia) VALUES ('Rincón','5');
INSERT INTO integrador.Localidad (Nombre,Provincia) VALUES ('Tartagal','16');
INSERT INTO integrador.Localidad (Nombre,Provincia) VALUES ('General Güemes','16');
INSERT INTO integrador.Localidad (Nombre,Provincia) VALUES ('Tapia','23');
INSERT INTO integrador.Localidad (Nombre,Provincia) VALUES ('Los Molles','18');
INSERT INTO integrador.Localidad (Nombre,Provincia) VALUES ('Fortín El Patria','18');
INSERT INTO integrador.Localidad (Nombre,Provincia) VALUES ('El Tala','16');
INSERT INTO integrador.Localidad (Nombre,Provincia) VALUES ('Tilisarao','18');
INSERT INTO integrador.Localidad (Nombre,Provincia) VALUES ('Campo Santo','16');
INSERT INTO integrador.Localidad (Nombre,Provincia) VALUES ('Santa Cruz y La Tuna','23');
INSERT INTO integrador.Localidad (Nombre,Provincia) VALUES ('La Carolina','18');
INSERT INTO integrador.Localidad (Nombre,Provincia) VALUES ('Bernasconi','10');
INSERT INTO integrador.Localidad (Nombre,Provincia) VALUES ('Chilcas','7');
INSERT INTO integrador.Localidad (Nombre,Provincia) VALUES ('San Lorenzo','16');
INSERT INTO integrador.Localidad (Nombre,Provincia) VALUES ('La Calera','18');
INSERT INTO integrador.Localidad (Nombre,Provincia) VALUES ('Los Manantiales','18');
INSERT INTO integrador.Localidad (Nombre,Provincia) VALUES ('Río de los Sauces','5');
INSERT INTO integrador.Localidad (Nombre,Provincia) VALUES ('Villa de Praga','18');
INSERT INTO integrador.Localidad (Nombre,Provincia) VALUES ('Bouwer','5');
INSERT INTO integrador.Localidad (Nombre,Provincia) VALUES ('Villa Ascasubi','5');
INSERT INTO integrador.Localidad (Nombre,Provincia) VALUES ('Río Ceballos','5');
INSERT INTO integrador.Localidad (Nombre,Provincia) VALUES ('General Ballivián','16');
INSERT INTO integrador.Localidad (Nombre,Provincia) VALUES ('Maimará','9');
INSERT INTO integrador.Localidad (Nombre,Provincia) VALUES ('Nogolí','18');
INSERT INTO integrador.Localidad (Nombre,Provincia) VALUES ('Rivadavia Banda Norte','16');
INSERT INTO integrador.Localidad (Nombre,Provincia) VALUES ('Delfín Gallo','23');
INSERT INTO integrador.Localidad (Nombre,Provincia) VALUES ('El Volcán','18');
INSERT INTO integrador.Localidad (Nombre,Provincia) VALUES ('Colonia San Pedro','5');
INSERT INTO integrador.Localidad (Nombre,Provincia) VALUES ('Copacabana','5');
INSERT INTO integrador.Localidad (Nombre,Provincia) VALUES ('Villa de la Quebrada','18');
INSERT INTO integrador.Localidad (Nombre,Provincia) VALUES ('El Manantial','23');
INSERT INTO integrador.Localidad (Nombre,Provincia) VALUES ('Navia','18');
INSERT INTO integrador.Localidad (Nombre,Provincia) VALUES ('Batavia','18');
INSERT INTO integrador.Localidad (Nombre,Provincia) VALUES ('Anguil','10');
INSERT INTO integrador.Localidad (Nombre,Provincia) VALUES ('Desaguadero','18');
INSERT INTO integrador.Localidad (Nombre,Provincia) VALUES ('Oro Verde','7');
INSERT INTO integrador.Localidad (Nombre,Provincia) VALUES ('Fraga','18');
INSERT INTO integrador.Localidad (Nombre,Provincia) VALUES ('Estación Escriña','7');
INSERT INTO integrador.Localidad (Nombre,Provincia) VALUES ('Mojones Sur','7');
INSERT INTO integrador.Localidad (Nombre,Provincia) VALUES ('El Cimarrón','7');
INSERT INTO integrador.Localidad (Nombre,Provincia) VALUES ('Colonia Alemana','7');
INSERT INTO integrador.Localidad (Nombre,Provincia) VALUES ('Alcaraz Norte','7');
INSERT INTO integrador.Localidad (Nombre,Provincia) VALUES ('General Pizarro','16');
INSERT INTO integrador.Localidad (Nombre,Provincia) VALUES ('Yala','9');
INSERT INTO integrador.Localidad (Nombre,Provincia) VALUES ('Rivadavia Banda Sur','16');
INSERT INTO integrador.Localidad (Nombre,Provincia) VALUES ('Villa Mercedes','18');
INSERT INTO integrador.Localidad (Nombre,Provincia) VALUES ('Vicuña Mackenna','5');
INSERT INTO integrador.Localidad (Nombre,Provincia) VALUES ('Justo José de Urquiza','7');
INSERT INTO integrador.Localidad (Nombre,Provincia) VALUES ('Gualeguaycito','7');
INSERT INTO integrador.Localidad (Nombre,Provincia) VALUES ('Arroyo Maturrango','7');
INSERT INTO integrador.Localidad (Nombre,Provincia) VALUES ('Nueva Vizcaya','7');
INSERT INTO integrador.Localidad (Nombre,Provincia) VALUES ('Alto Pelado','18');
INSERT INTO integrador.Localidad (Nombre,Provincia) VALUES ('Onagoity','5');
INSERT INTO integrador.Localidad (Nombre,Provincia) VALUES ('Tanti','5');
INSERT INTO integrador.Localidad (Nombre,Provincia) VALUES ('Ranchillos y San Miguel','23');
INSERT INTO integrador.Localidad (Nombre,Provincia) VALUES ('Candelaria','18');
INSERT INTO integrador.Localidad (Nombre,Provincia) VALUES ('Villa del Carmen','18');
INSERT INTO integrador.Localidad (Nombre,Provincia) VALUES ('El Brete','5');
INSERT INTO integrador.Localidad (Nombre,Provincia) VALUES ('Las Junturas','5');
INSERT INTO integrador.Localidad (Nombre,Provincia) VALUES ('Villa Carlos Paz','5');
INSERT INTO integrador.Localidad (Nombre,Provincia) VALUES ('Renca','18');
INSERT INTO integrador.Localidad (Nombre,Provincia) VALUES ('Amberes','23');
INSERT INTO integrador.Localidad (Nombre,Provincia) VALUES ('Embarcación','16');
INSERT INTO integrador.Localidad (Nombre,Provincia) VALUES ('Colonia Las Cuatro Esquinas','5');
INSERT INTO integrador.Localidad (Nombre,Provincia) VALUES ('San Pablo','18');
INSERT INTO integrador.Localidad (Nombre,Provincia) VALUES ('El Galpón','16');
INSERT INTO integrador.Localidad (Nombre,Provincia) VALUES ('El Quebrachal','16');
INSERT INTO integrador.Localidad (Nombre,Provincia) VALUES ('Rosario de la Frontera','16');
INSERT INTO integrador.Localidad (Nombre,Provincia) VALUES ('Ranqueles','5');
INSERT INTO integrador.Localidad (Nombre,Provincia) VALUES ('San Carlos','16');
INSERT INTO integrador.Localidad (Nombre,Provincia) VALUES ('Chalacea','5');
INSERT INTO integrador.Localidad (Nombre,Provincia) VALUES ('Simbolar','5');
INSERT INTO integrador.Localidad (Nombre,Provincia) VALUES ('Unanué','10');
INSERT INTO integrador.Localidad (Nombre,Provincia) VALUES ('La Puerta','5');
INSERT INTO integrador.Localidad (Nombre,Provincia) VALUES ('El Chañar','23');
INSERT INTO integrador.Localidad (Nombre,Provincia) VALUES ('Cuchillo Co','10');
INSERT INTO integrador.Localidad (Nombre,Provincia) VALUES ('Colonia 25 de Mayo','10');
INSERT INTO integrador.Localidad (Nombre,Provincia) VALUES ('Yerba Buena','23');
INSERT INTO integrador.Localidad (Nombre,Provincia) VALUES ('La Rancherita','5');
INSERT INTO integrador.Localidad (Nombre,Provincia) VALUES ('Las Arrias','5');
INSERT INTO integrador.Localidad (Nombre,Provincia) VALUES ('Los Ralos','23');
INSERT INTO integrador.Localidad (Nombre,Provincia) VALUES ('Payogasta','16');
INSERT INTO integrador.Localidad (Nombre,Provincia) VALUES ('Seclantás','16');
INSERT INTO integrador.Localidad (Nombre,Provincia) VALUES ('Fortuna','18');
INSERT INTO integrador.Localidad (Nombre,Provincia) VALUES ('Villa Santa Cruz del Lago','5');
INSERT INTO integrador.Localidad (Nombre,Provincia) VALUES ('La Punta','18');
INSERT INTO integrador.Localidad (Nombre,Provincia) VALUES ('Anisacate','5');
INSERT INTO integrador.Localidad (Nombre,Provincia) VALUES ('Las Tapias','5');
INSERT INTO integrador.Localidad (Nombre,Provincia) VALUES ('Estación General Paz','5');
INSERT INTO integrador.Localidad (Nombre,Provincia) VALUES ('Mi Granja','5');
INSERT INTO integrador.Localidad (Nombre,Provincia) VALUES ('Los Cerrillos','5');
INSERT INTO integrador.Localidad (Nombre,Provincia) VALUES ('Arroyo Algodón','5');
INSERT INTO integrador.Localidad (Nombre,Provincia) VALUES ('Famaillá','23');
INSERT INTO integrador.Localidad (Nombre,Provincia) VALUES ('San Isidro de Lules','23');
INSERT INTO integrador.Localidad (Nombre,Provincia) VALUES ('El Mollar','23');
INSERT INTO integrador.Localidad (Nombre,Provincia) VALUES ('Teniente Berdina','23');
INSERT INTO integrador.Localidad (Nombre,Provincia) VALUES ('Ciudacita','23');
INSERT INTO integrador.Localidad (Nombre,Provincia) VALUES ('Tafí del Valle','23');
INSERT INTO integrador.Localidad (Nombre,Provincia) VALUES ('Aguilares','23');
INSERT INTO integrador.Localidad (Nombre,Provincia) VALUES ('Río Chico y Nueva Trinidad','23');
INSERT INTO integrador.Localidad (Nombre,Provincia) VALUES ('Los Sarmiento y La Tipa','23');
INSERT INTO integrador.Localidad (Nombre,Provincia) VALUES ('Quines','18');
INSERT INTO integrador.Localidad (Nombre,Provincia) VALUES ('Luján','18');
INSERT INTO integrador.Localidad (Nombre,Provincia) VALUES ('Assunta','5');
INSERT INTO integrador.Localidad (Nombre,Provincia) VALUES ('Alta Gracia','5');
INSERT INTO integrador.Localidad (Nombre,Provincia) VALUES ('Falucho','10');
INSERT INTO integrador.Localidad (Nombre,Provincia) VALUES ('Coronel Baigorria','5');
INSERT INTO integrador.Localidad (Nombre,Provincia) VALUES ('La Florida y Luisiana','23');
INSERT INTO integrador.Localidad (Nombre,Provincia) VALUES ('Paso Grande','18');
INSERT INTO integrador.Localidad (Nombre,Provincia) VALUES ('Oncativo','5');
INSERT INTO integrador.Localidad (Nombre,Provincia) VALUES ('Costa Sacate','5');
INSERT INTO integrador.Localidad (Nombre,Provincia) VALUES ('La Serranita','5');
INSERT INTO integrador.Localidad (Nombre,Provincia) VALUES ('La Vertiente','18');
INSERT INTO integrador.Localidad (Nombre,Provincia) VALUES ('El Trapiche','18');
INSERT INTO integrador.Localidad (Nombre,Provincia) VALUES ('Juana Koslay','18');
INSERT INTO integrador.Localidad (Nombre,Provincia) VALUES ('Colonia Tirolesa','5');
INSERT INTO integrador.Localidad (Nombre,Provincia) VALUES ('Alejo Ledesma','5');
INSERT INTO integrador.Localidad (Nombre,Provincia) VALUES ('Carpintería','18');
INSERT INTO integrador.Localidad (Nombre,Provincia) VALUES ('San Antonio','9');
INSERT INTO integrador.Localidad (Nombre,Provincia) VALUES ('La Punilla','18');
INSERT INTO integrador.Localidad (Nombre,Provincia) VALUES ('Pampa Blanca','9');
INSERT INTO integrador.Localidad (Nombre,Provincia) VALUES ('Charras','5');
INSERT INTO integrador.Localidad (Nombre,Provincia) VALUES ('Alta Italia','10');
INSERT INTO integrador.Localidad (Nombre,Provincia) VALUES ('Los Pérez','23');
INSERT INTO integrador.Localidad (Nombre,Provincia) VALUES ('Colonia Ensayo','7');
INSERT INTO integrador.Localidad (Nombre,Provincia) VALUES ('Mauricio Mayer','10');
INSERT INTO integrador.Localidad (Nombre,Provincia) VALUES ('Colonia La Argentina','7');
INSERT INTO integrador.Localidad (Nombre,Provincia) VALUES ('General San Martín','10');
INSERT INTO integrador.Localidad (Nombre,Provincia) VALUES ('San Ignacio','23');
INSERT INTO integrador.Localidad (Nombre,Provincia) VALUES ('Ceibas','7');
INSERT INTO integrador.Localidad (Nombre,Provincia) VALUES ('La Humada','10');
INSERT INTO integrador.Localidad (Nombre,Provincia) VALUES ('Santa María de Punilla','5');
INSERT INTO integrador.Localidad (Nombre,Provincia) VALUES ('Santa Elena','7');
INSERT INTO integrador.Localidad (Nombre,Provincia) VALUES ('Puesto Viejo','9');
INSERT INTO integrador.Localidad (Nombre,Provincia) VALUES ('Aguas Calientes','9');
INSERT INTO integrador.Localidad (Nombre,Provincia) VALUES ('Colonia Bismarck','5');
INSERT INTO integrador.Localidad (Nombre,Provincia) VALUES ('La Clarita','7');
INSERT INTO integrador.Localidad (Nombre,Provincia) VALUES ('San Antonio de Arredondo','5');
INSERT INTO integrador.Localidad (Nombre,Provincia) VALUES ('Villa Río Icho Cruz','5');
INSERT INTO integrador.Localidad (Nombre,Provincia) VALUES ('Villa Parque Santa Ana','5');
INSERT INTO integrador.Localidad (Nombre,Provincia) VALUES ('Ucacha','5');
INSERT INTO integrador.Localidad (Nombre,Provincia) VALUES ('Tuclame','5');
INSERT INTO integrador.Localidad (Nombre,Provincia) VALUES ('Valle de Anisacate','5');
INSERT INTO integrador.Localidad (Nombre,Provincia) VALUES ('Colonia Prosperidad','5');
INSERT INTO integrador.Localidad (Nombre,Provincia) VALUES ('Acheral','23');
INSERT INTO integrador.Localidad (Nombre,Provincia) VALUES ('Algarrobo del Águila','10');
INSERT INTO integrador.Localidad (Nombre,Provincia) VALUES ('Estación Parera','7');
INSERT INTO integrador.Localidad (Nombre,Provincia) VALUES ('Molino Doll','7');
INSERT INTO integrador.Localidad (Nombre,Provincia) VALUES ('Gilbert','7');
INSERT INTO integrador.Localidad (Nombre,Provincia) VALUES ('Doblas','10');
INSERT INTO integrador.Localidad (Nombre,Provincia) VALUES ('San Clemente','5');
INSERT INTO integrador.Localidad (Nombre,Provincia) VALUES ('Pueblo General Belgrano','7');
INSERT INTO integrador.Localidad (Nombre,Provincia) VALUES ('Sir Leonard','7');
INSERT INTO integrador.Localidad (Nombre,Provincia) VALUES ('Parera','10');
INSERT INTO integrador.Localidad (Nombre,Provincia) VALUES ('Cañada de Machado','5');
INSERT INTO integrador.Localidad (Nombre,Provincia) VALUES ('Gobernador Mansilla','7');
INSERT INTO integrador.Localidad (Nombre,Provincia) VALUES ('Viale','7');
INSERT INTO integrador.Localidad (Nombre,Provincia) VALUES ('Unquillo','5');
INSERT INTO integrador.Localidad (Nombre,Provincia) VALUES ('Cañada del Sauce','5');
INSERT INTO integrador.Localidad (Nombre,Provincia) VALUES ('Rucanelo','10');
INSERT INTO integrador.Localidad (Nombre,Provincia) VALUES ('Colonia Marina','5');
INSERT INTO integrador.Localidad (Nombre,Provincia) VALUES ('Valle Hermoso','5');
INSERT INTO integrador.Localidad (Nombre,Provincia) VALUES ('Colonia San Bartolomé','5');
INSERT INTO integrador.Localidad (Nombre,Provincia) VALUES ('Colonia Las Pichanas','5');
INSERT INTO integrador.Localidad (Nombre,Provincia) VALUES ('El Rodeo','5');
INSERT INTO integrador.Localidad (Nombre,Provincia) VALUES ('Las Isletillas','5');
INSERT INTO integrador.Localidad (Nombre,Provincia) VALUES ('Villa Allende','5');
INSERT INTO integrador.Localidad (Nombre,Provincia) VALUES ('Talaini','5');
INSERT INTO integrador.Localidad (Nombre,Provincia) VALUES ('Tala Huasi','5');
INSERT INTO integrador.Localidad (Nombre,Provincia) VALUES ('Tancacha','5');
INSERT INTO integrador.Localidad (Nombre,Provincia) VALUES ('Caleufú','10');
INSERT INTO integrador.Localidad (Nombre,Provincia) VALUES ('La Ramada y La Cruz','23');
INSERT INTO integrador.Localidad (Nombre,Provincia) VALUES ('Pichi Huinca','10');
INSERT INTO integrador.Localidad (Nombre,Provincia) VALUES ('Las Caleras','5');
INSERT INTO integrador.Localidad (Nombre,Provincia) VALUES ('Urdinarrain','7');
INSERT INTO integrador.Localidad (Nombre,Provincia) VALUES ('Villa Amancay','5');
INSERT INTO integrador.Localidad (Nombre,Provincia) VALUES ('San Pablo y Villa Nougués','23');
INSERT INTO integrador.Localidad (Nombre,Provincia) VALUES ('Colonia Caroya','5');
INSERT INTO integrador.Localidad (Nombre,Provincia) VALUES ('Villa Candelaria Norte','5');
INSERT INTO integrador.Localidad (Nombre,Provincia) VALUES ('Salta','16');
INSERT INTO integrador.Localidad (Nombre,Provincia) VALUES ('Villa Cerro Azul','5');
INSERT INTO integrador.Localidad (Nombre,Provincia) VALUES ('Tío Pujio','5');
INSERT INTO integrador.Localidad (Nombre,Provincia) VALUES ('El Rodeo','2');
INSERT INTO integrador.Localidad (Nombre,Provincia) VALUES ('Capilla del Monte','5');
INSERT INTO integrador.Localidad (Nombre,Provincia) VALUES ('Los Altos','2');
INSERT INTO integrador.Localidad (Nombre,Provincia) VALUES ('Sinsacate','5');
INSERT INTO integrador.Localidad (Nombre,Provincia) VALUES ('Tala Cañada','5');
INSERT INTO integrador.Localidad (Nombre,Provincia) VALUES ('Tinoco','5');
INSERT INTO integrador.Localidad (Nombre,Provincia) VALUES ('Ticino','5');
INSERT INTO integrador.Localidad (Nombre,Provincia) VALUES ('Dalmacio Vélez','5');
INSERT INTO integrador.Localidad (Nombre,Provincia) VALUES ('Pacheco de Melo','5');
INSERT INTO integrador.Localidad (Nombre,Provincia) VALUES ('Toledo','5');
INSERT INTO integrador.Localidad (Nombre,Provincia) VALUES ('Estación Juárez Celman','5');
INSERT INTO integrador.Localidad (Nombre,Provincia) VALUES ('Estancia Vieja','5');
INSERT INTO integrador.Localidad (Nombre,Provincia) VALUES ('Estancia de Guadalupe','5');
INSERT INTO integrador.Localidad (Nombre,Provincia) VALUES ('Falda del Carmen','5');
INSERT INTO integrador.Localidad (Nombre,Provincia) VALUES ('Anca Juli','23');
INSERT INTO integrador.Localidad (Nombre,Provincia) VALUES ('Colonia Videla','5');
INSERT INTO integrador.Localidad (Nombre,Provincia) VALUES ('Manuela Pedraza','23');
INSERT INTO integrador.Localidad (Nombre,Provincia) VALUES ('Villa Quillinzo','5');
INSERT INTO integrador.Localidad (Nombre,Provincia) VALUES ('Esquina','5');
INSERT INTO integrador.Localidad (Nombre,Provincia) VALUES ('Taco Ralo','23');
INSERT INTO integrador.Localidad (Nombre,Provincia) VALUES ('Eufrasio Loza','5');
INSERT INTO integrador.Localidad (Nombre,Provincia) VALUES ('Simoca','23');
INSERT INTO integrador.Localidad (Nombre,Provincia) VALUES ('Etruria','5');
INSERT INTO integrador.Localidad (Nombre,Provincia) VALUES ('San Felipe y Santa Bárbara','23');
INSERT INTO integrador.Localidad (Nombre,Provincia) VALUES ('Freyre','5');
INSERT INTO integrador.Localidad (Nombre,Provincia) VALUES ('Lamadrid','23');
INSERT INTO integrador.Localidad (Nombre,Provincia) VALUES ('Villa Concepción del Tío','5');
INSERT INTO integrador.Localidad (Nombre,Provincia) VALUES ('Corralito','5');
INSERT INTO integrador.Localidad (Nombre,Provincia) VALUES ('Corral de Bustos Ifflinger','5');
INSERT INTO integrador.Localidad (Nombre,Provincia) VALUES ('Villa El Chacay','5');
INSERT INTO integrador.Localidad (Nombre,Provincia) VALUES ('Villa Dolores','5');
INSERT INTO integrador.Localidad (Nombre,Provincia) VALUES ('Villa Fontana','5');
INSERT INTO integrador.Localidad (Nombre,Provincia) VALUES ('Villa Vil','2');
INSERT INTO integrador.Localidad (Nombre,Provincia) VALUES ('Rosario de Río Grande','9');
INSERT INTO integrador.Localidad (Nombre,Provincia) VALUES ('Cruz de Caña','5');
INSERT INTO integrador.Localidad (Nombre,Provincia) VALUES ('Villa Elisa','5');
INSERT INTO integrador.Localidad (Nombre,Provincia) VALUES ('Ordóñez','5');
INSERT INTO integrador.Localidad (Nombre,Provincia) VALUES ('Bulnes','5');
INSERT INTO integrador.Localidad (Nombre,Provincia) VALUES ('Los Chañaritos','5');
INSERT INTO integrador.Localidad (Nombre,Provincia) VALUES ('Cruz Alta','5');
INSERT INTO integrador.Localidad (Nombre,Provincia) VALUES ('Villa Giardino','5');
INSERT INTO integrador.Localidad (Nombre,Provincia) VALUES ('Cuesta Blanca','5');
INSERT INTO integrador.Localidad (Nombre,Provincia) VALUES ('Ballesteros Sud','5');
INSERT INTO integrador.Localidad (Nombre,Provincia) VALUES ('General Pico','10');
INSERT INTO integrador.Localidad (Nombre,Provincia) VALUES ('Villa General Belgrano','5');
INSERT INTO integrador.Localidad (Nombre,Provincia) VALUES ('Cruz del Eje','5');
INSERT INTO integrador.Localidad (Nombre,Provincia) VALUES ('Villa Huidobro','5');
INSERT INTO integrador.Localidad (Nombre,Provincia) VALUES ('Agustoni','10');
INSERT INTO integrador.Localidad (Nombre,Provincia) VALUES ('Villa Gutiérrez','5');
INSERT INTO integrador.Localidad (Nombre,Provincia) VALUES ('Ambul','5');
INSERT INTO integrador.Localidad (Nombre,Provincia) VALUES ('Villa Los Aromos','5');
INSERT INTO integrador.Localidad (Nombre,Provincia) VALUES ('Villa La Bolsa','5');
INSERT INTO integrador.Localidad (Nombre,Provincia) VALUES ('Arias','5');
INSERT INTO integrador.Localidad (Nombre,Provincia) VALUES ('Arroyo de los Patos','5');
INSERT INTO integrador.Localidad (Nombre,Provincia) VALUES ('San Salvador de Jujuy','9');
INSERT INTO integrador.Localidad (Nombre,Provincia) VALUES ('Villa Los Patos','5');
INSERT INTO integrador.Localidad (Nombre,Provincia) VALUES ('La Mendieta','9');
INSERT INTO integrador.Localidad (Nombre,Provincia) VALUES ('La Falda','5');
INSERT INTO integrador.Localidad (Nombre,Provincia) VALUES ('Comuna 3','24');
INSERT INTO integrador.Localidad (Nombre,Provincia) VALUES ('Miguel Cané','10');
INSERT INTO integrador.Localidad (Nombre,Provincia) VALUES ('Perico','9');
INSERT INTO integrador.Localidad (Nombre,Provincia) VALUES ('La Cumbrecita','5');
INSERT INTO integrador.Localidad (Nombre,Provincia) VALUES ('Arata','10');
INSERT INTO integrador.Localidad (Nombre,Provincia) VALUES ('Aldea Spatzenkutter','7');
INSERT INTO integrador.Localidad (Nombre,Provincia) VALUES ('Comuna 7','24');
INSERT INTO integrador.Localidad (Nombre,Provincia) VALUES ('Colonia Santa María y Las Margaritas','7');
INSERT INTO integrador.Localidad (Nombre,Provincia) VALUES ('Clodomiro Ledesma','7');
INSERT INTO integrador.Localidad (Nombre,Provincia) VALUES ('La Fraternidad y Santa Juana','7');
INSERT INTO integrador.Localidad (Nombre,Provincia) VALUES ('Picada Berón','7');
INSERT INTO integrador.Localidad (Nombre,Provincia) VALUES ('Rancul','10');
INSERT INTO integrador.Localidad (Nombre,Provincia) VALUES ('Villa San Isidro','5');
INSERT INTO integrador.Localidad (Nombre,Provincia) VALUES ('Comuna 10','24');
INSERT INTO integrador.Localidad (Nombre,Provincia) VALUES ('Sauce Pinto','7');
INSERT INTO integrador.Localidad (Nombre,Provincia) VALUES ('Pueblo Liebig','7');
INSERT INTO integrador.Localidad (Nombre,Provincia) VALUES ('Las Moscas','7');
INSERT INTO integrador.Localidad (Nombre,Provincia) VALUES ('Villa María','5');
INSERT INTO integrador.Localidad (Nombre,Provincia) VALUES ('Villa Nueva','5');
INSERT INTO integrador.Localidad (Nombre,Provincia) VALUES ('Avellaneda','5');
INSERT INTO integrador.Localidad (Nombre,Provincia) VALUES ('Rosario del Saladillo','5');
INSERT INTO integrador.Localidad (Nombre,Provincia) VALUES ('Ausonia','5');
INSERT INTO integrador.Localidad (Nombre,Provincia) VALUES ('Lavaisse','18');
INSERT INTO integrador.Localidad (Nombre,Provincia) VALUES ('Sarah','10');
INSERT INTO integrador.Localidad (Nombre,Provincia) VALUES ('Saldán','5');
INSERT INTO integrador.Localidad (Nombre,Provincia) VALUES ('Saladillo','5');
INSERT INTO integrador.Localidad (Nombre,Provincia) VALUES ('Balnearia','5');
INSERT INTO integrador.Localidad (Nombre,Provincia) VALUES ('Alcira','5');
INSERT INTO integrador.Localidad (Nombre,Provincia) VALUES ('Leones','5');
INSERT INTO integrador.Localidad (Nombre,Provincia) VALUES ('Salsipuedes','5');
INSERT INTO integrador.Localidad (Nombre,Provincia) VALUES ('San Basilio','5');
INSERT INTO integrador.Localidad (Nombre,Provincia) VALUES ('Salsacate','5');
INSERT INTO integrador.Localidad (Nombre,Provincia) VALUES ('Bell Ville','5');
INSERT INTO integrador.Localidad (Nombre,Provincia) VALUES ('Alejandro Roca','5');
INSERT INTO integrador.Localidad (Nombre,Provincia) VALUES ('Candelaria Sud','5');
INSERT INTO integrador.Localidad (Nombre,Provincia) VALUES ('Coronel Hilario Lagos','10');
INSERT INTO integrador.Localidad (Nombre,Provincia) VALUES ('San Agustín','5');
INSERT INTO integrador.Localidad (Nombre,Provincia) VALUES ('Sampacho','5');
INSERT INTO integrador.Localidad (Nombre,Provincia) VALUES ('Adelia María','5');
INSERT INTO integrador.Localidad (Nombre,Provincia) VALUES ('Santa Rosa','18');
INSERT INTO integrador.Localidad (Nombre,Provincia) VALUES ('San Carlos Minas','5');
INSERT INTO integrador.Localidad (Nombre,Provincia) VALUES ('Pasco','5');
INSERT INTO integrador.Localidad (Nombre,Provincia) VALUES ('Almafuerte','5');
INSERT INTO integrador.Localidad (Nombre,Provincia) VALUES ('Alicia','5');
INSERT INTO integrador.Localidad (Nombre,Provincia) VALUES ('Alpa Corral','5');
INSERT INTO integrador.Localidad (Nombre,Provincia) VALUES ('Río Tercero','5');
INSERT INTO integrador.Localidad (Nombre,Provincia) VALUES ('Santa Elena','5');
INSERT INTO integrador.Localidad (Nombre,Provincia) VALUES ('Paso Viejo','5');
INSERT INTO integrador.Localidad (Nombre,Provincia) VALUES ('Alto de los Quebrachos','5');
INSERT INTO integrador.Localidad (Nombre,Provincia) VALUES ('Amboy','5');
INSERT INTO integrador.Localidad (Nombre,Provincia) VALUES ('Chancani','5');
INSERT INTO integrador.Localidad (Nombre,Provincia) VALUES ('Río Cuarto','5');
INSERT INTO integrador.Localidad (Nombre,Provincia) VALUES ('Charbonier','5');
INSERT INTO integrador.Localidad (Nombre,Provincia) VALUES ('Río Segundo','5');
INSERT INTO integrador.Localidad (Nombre,Provincia) VALUES ('Chañar Viejo','5');
INSERT INTO integrador.Localidad (Nombre,Provincia) VALUES ('Río Primero','5');
INSERT INTO integrador.Localidad (Nombre,Provincia) VALUES ('Bagual','18');
INSERT INTO integrador.Localidad (Nombre,Provincia) VALUES ('Saladillo','18');
INSERT INTO integrador.Localidad (Nombre,Provincia) VALUES ('San Vicente','5');
INSERT INTO integrador.Localidad (Nombre,Provincia) VALUES ('San Roque','5');
INSERT INTO integrador.Localidad (Nombre,Provincia) VALUES ('Churqui Cañada','5');
INSERT INTO integrador.Localidad (Nombre,Provincia) VALUES ('Serrano','5');
INSERT INTO integrador.Localidad (Nombre,Provincia) VALUES ('Intendente Alvear','10');
INSERT INTO integrador.Localidad (Nombre,Provincia) VALUES ('Ciénaga del Coro','5');
INSERT INTO integrador.Localidad (Nombre,Provincia) VALUES ('Capilla de Sitón','5');
INSERT INTO integrador.Localidad (Nombre,Provincia) VALUES ('Monte Buey','5');
INSERT INTO integrador.Localidad (Nombre,Provincia) VALUES ('Chuña Huasi','5');
INSERT INTO integrador.Localidad (Nombre,Provincia) VALUES ('Cintra','5');
INSERT INTO integrador.Localidad (Nombre,Provincia) VALUES ('Santiago Temple','5');
INSERT INTO integrador.Localidad (Nombre,Provincia) VALUES ('Colonia Anita','5');
INSERT INTO integrador.Localidad (Nombre,Provincia) VALUES ('San José','5');
INSERT INTO integrador.Localidad (Nombre,Provincia) VALUES ('Santa Rosa de Calamuchita','5');
INSERT INTO integrador.Localidad (Nombre,Provincia) VALUES ('Huillapima','2');
INSERT INTO integrador.Localidad (Nombre,Provincia) VALUES ('Apolinario Saravia','16');
INSERT INTO integrador.Localidad (Nombre,Provincia) VALUES ('Nazareno','16');
INSERT INTO integrador.Localidad (Nombre,Provincia) VALUES ('Juan Bautista Alberdi','23');
INSERT INTO integrador.Localidad (Nombre,Provincia) VALUES ('Yánima y El Corralito','23');
INSERT INTO integrador.Localidad (Nombre,Provincia) VALUES ('Santa Victoria Este','16');
INSERT INTO integrador.Localidad (Nombre,Provincia) VALUES ('Aguaray','16');
INSERT INTO integrador.Localidad (Nombre,Provincia) VALUES ('Sarmiento','5');
INSERT INTO integrador.Localidad (Nombre,Provincia) VALUES ('Benjamín Gould','5');
INSERT INTO integrador.Localidad (Nombre,Provincia) VALUES ('Seeber','5');
INSERT INTO integrador.Localidad (Nombre,Provincia) VALUES ('Capilla de los Remedios','5');
INSERT INTO integrador.Localidad (Nombre,Provincia) VALUES ('Sebastián Elcano','5');
INSERT INTO integrador.Localidad (Nombre,Provincia) VALUES ('Segunda Usina','5');
INSERT INTO integrador.Localidad (Nombre,Provincia) VALUES ('Carrilobo','5');
INSERT INTO integrador.Localidad (Nombre,Provincia) VALUES ('Casa Grande','5');
INSERT INTO integrador.Localidad (Nombre,Provincia) VALUES ('Caminiaga','5');
INSERT INTO integrador.Localidad (Nombre,Provincia) VALUES ('Camilo Aldao','5');
INSERT INTO integrador.Localidad (Nombre,Provincia) VALUES ('Serrezuela','5');
INSERT INTO integrador.Localidad (Nombre,Provincia) VALUES ('San Esteban','5');
INSERT INTO integrador.Localidad (Nombre,Provincia) VALUES ('San Francisco del Chañar','5');
INSERT INTO integrador.Localidad (Nombre,Provincia) VALUES ('San Francisco','5');
INSERT INTO integrador.Localidad (Nombre,Provincia) VALUES ('Cañada de Luque','5');
INSERT INTO integrador.Localidad (Nombre,Provincia) VALUES ('San Gerónimo','5');
INSERT INTO integrador.Localidad (Nombre,Provincia) VALUES ('Cañada de Río Pinto','5');
INSERT INTO integrador.Localidad (Nombre,Provincia) VALUES ('El Naranjito','23');
INSERT INTO integrador.Localidad (Nombre,Provincia) VALUES ('El Bracho y El Cevilar','23');
INSERT INTO integrador.Localidad (Nombre,Provincia) VALUES ('San Ignacio','5');
INSERT INTO integrador.Localidad (Nombre,Provincia) VALUES ('Miguel Riglos','10');
INSERT INTO integrador.Localidad (Nombre,Provincia) VALUES ('San Joaquín','5');
INSERT INTO integrador.Localidad (Nombre,Provincia) VALUES ('San Lorenzo','5');
INSERT INTO integrador.Localidad (Nombre,Provincia) VALUES ('San José de las Salinas','5');
INSERT INTO integrador.Localidad (Nombre,Provincia) VALUES ('San Marcos Sud','5');
INSERT INTO integrador.Localidad (Nombre,Provincia) VALUES ('San Marcos Sierra','5');
INSERT INTO integrador.Localidad (Nombre,Provincia) VALUES ('San Pedro Norte','5');
INSERT INTO integrador.Localidad (Nombre,Provincia) VALUES ('Miramar de Ansenuza','5');
INSERT INTO integrador.Localidad (Nombre,Provincia) VALUES ('San Pedro','5');
INSERT INTO integrador.Localidad (Nombre,Provincia) VALUES ('La Trinidad','23');
INSERT INTO integrador.Localidad (Nombre,Provincia) VALUES ('Atahona','23');
INSERT INTO integrador.Localidad (Nombre,Provincia) VALUES ('Animaná','16');
INSERT INTO integrador.Localidad (Nombre,Provincia) VALUES ('Hipólito Yrigoyen','16');
INSERT INTO integrador.Localidad (Nombre,Provincia) VALUES ('Profesor Salvador Mazza','16');
INSERT INTO integrador.Localidad (Nombre,Provincia) VALUES ('Pichanal','16');
INSERT INTO integrador.Localidad (Nombre,Provincia) VALUES ('Calchín','5');
INSERT INTO integrador.Localidad (Nombre,Provincia) VALUES ('Canals','5');
INSERT INTO integrador.Localidad (Nombre,Provincia) VALUES ('Río Piedras','16');
INSERT INTO integrador.Localidad (Nombre,Provincia) VALUES ('Guachipas','16');
INSERT INTO integrador.Localidad (Nombre,Provincia) VALUES ('Villa Valeria','5');
INSERT INTO integrador.Localidad (Nombre,Provincia) VALUES ('Washington','5');
INSERT INTO integrador.Localidad (Nombre,Provincia) VALUES ('Villa Yacanto','5');
INSERT INTO integrador.Localidad (Nombre,Provincia) VALUES ('Córdoba','5');
INSERT INTO integrador.Localidad (Nombre,Provincia) VALUES ('Wenceslao Escalante','5');
INSERT INTO integrador.Localidad (Nombre,Provincia) VALUES ('Pascanas','5');
INSERT INTO integrador.Localidad (Nombre,Provincia) VALUES ('Porteña','5');
INSERT INTO integrador.Localidad (Nombre,Provincia) VALUES ('La Carolina El Potosí','5');
INSERT INTO integrador.Localidad (Nombre,Provincia) VALUES ('Paso del Durazno','5');
INSERT INTO integrador.Localidad (Nombre,Provincia) VALUES ('El Arañado','5');
INSERT INTO integrador.Localidad (Nombre,Provincia) VALUES ('Dique Chico','5');
INSERT INTO integrador.Localidad (Nombre,Provincia) VALUES ('El Crispín','5');
INSERT INTO integrador.Localidad (Nombre,Provincia) VALUES ('Justiniano Posse','5');
INSERT INTO integrador.Localidad (Nombre,Provincia) VALUES ('Cabalango','5');
INSERT INTO integrador.Localidad (Nombre,Provincia) VALUES ('Parque Calmayo','5');
INSERT INTO integrador.Localidad (Nombre,Provincia) VALUES ('Calchín Oeste','5');
INSERT INTO integrador.Localidad (Nombre,Provincia) VALUES ('Castro Barros','11');
INSERT INTO integrador.Localidad (Nombre,Provincia) VALUES ('Los Cóndores','5');
INSERT INTO integrador.Localidad (Nombre,Provincia) VALUES ('La Cautiva','5');
INSERT INTO integrador.Localidad (Nombre,Provincia) VALUES ('Lafinur','18');
INSERT INTO integrador.Localidad (Nombre,Provincia) VALUES ('Santa Rosa','2');
INSERT INTO integrador.Localidad (Nombre,Provincia) VALUES ('Bella Vista','23');
INSERT INTO integrador.Localidad (Nombre,Provincia) VALUES ('El Chacho','5');
INSERT INTO integrador.Localidad (Nombre,Provincia) VALUES ('Villa Cura Brochero','5');
INSERT INTO integrador.Localidad (Nombre,Provincia) VALUES ('Cortaderas','18');
INSERT INTO integrador.Localidad (Nombre,Provincia) VALUES ('Estancia Grande','18');
INSERT INTO integrador.Localidad (Nombre,Provincia) VALUES ('Recreo','2');
INSERT INTO integrador.Localidad (Nombre,Provincia) VALUES ('Choromoro','23');
INSERT INTO integrador.Localidad (Nombre,Provincia) VALUES ('El Manzano','5');
INSERT INTO integrador.Localidad (Nombre,Provincia) VALUES ('El Fortín','5');
INSERT INTO integrador.Localidad (Nombre,Provincia) VALUES ('Nicolás Bruzzone','5');
INSERT INTO integrador.Localidad (Nombre,Provincia) VALUES ('Puesto de Castro','5');
INSERT INTO integrador.Localidad (Nombre,Provincia) VALUES ('Pozo de Piedra','2');
INSERT INTO integrador.Localidad (Nombre,Provincia) VALUES ('San Fernando','2');
INSERT INTO integrador.Localidad (Nombre,Provincia) VALUES ('Hualfin','2');
INSERT INTO integrador.Localidad (Nombre,Provincia) VALUES ('Monteagudo','23');
INSERT INTO integrador.Localidad (Nombre,Provincia) VALUES ('Pozo Nuevo','5');
INSERT INTO integrador.Localidad (Nombre,Provincia) VALUES ('Las Talitas','23');
INSERT INTO integrador.Localidad (Nombre,Provincia) VALUES ('Toay','10');
INSERT INTO integrador.Localidad (Nombre,Provincia) VALUES ('Tapso','2');
INSERT INTO integrador.Localidad (Nombre,Provincia) VALUES ('Quehué','10');
INSERT INTO integrador.Localidad (Nombre,Provincia) VALUES ('Puerta de Corral Quemado','2');
INSERT INTO integrador.Localidad (Nombre,Provincia) VALUES ('Iglesia','17');
INSERT INTO integrador.Localidad (Nombre,Provincia) VALUES ('Calingasta','17');
INSERT INTO integrador.Localidad (Nombre,Provincia) VALUES ('Quilino','5');
INSERT INTO integrador.Localidad (Nombre,Provincia) VALUES ('Chilecito','11');
INSERT INTO integrador.Localidad (Nombre,Provincia) VALUES ('Caucete','17');
INSERT INTO integrador.Localidad (Nombre,Provincia) VALUES ('Valle Fértil','17');
INSERT INTO integrador.Localidad (Nombre,Provincia) VALUES ('Puelén','10');
INSERT INTO integrador.Localidad (Nombre,Provincia) VALUES ('Sanagasta','11');
INSERT INTO integrador.Localidad (Nombre,Provincia) VALUES ('Buchardo','5');
INSERT INTO integrador.Localidad (Nombre,Provincia) VALUES ('Conhelo','10');
INSERT INTO integrador.Localidad (Nombre,Provincia) VALUES ('Rosario Vera Peñaloza','11');
INSERT INTO integrador.Localidad (Nombre,Provincia) VALUES ('Morteros','5');
INSERT INTO integrador.Localidad (Nombre,Provincia) VALUES ('General Juan Facundo Quiroga','11');
INSERT INTO integrador.Localidad (Nombre,Provincia) VALUES ('Diego de Rojas','5');
INSERT INTO integrador.Localidad (Nombre,Provincia) VALUES ('La Maruja','10');
INSERT INTO integrador.Localidad (Nombre,Provincia) VALUES ('El Talar','9');
INSERT INTO integrador.Localidad (Nombre,Provincia) VALUES ('Volcán','9');
INSERT INTO integrador.Localidad (Nombre,Provincia) VALUES ('Los Cisnes','5');
INSERT INTO integrador.Localidad (Nombre,Provincia) VALUES ('Nono','5');
INSERT INTO integrador.Localidad (Nombre,Provincia) VALUES ('Villa Sabá Z. Hernández','7');
INSERT INTO integrador.Localidad (Nombre,Provincia) VALUES ('Ingeniero Luiggi','10');
INSERT INTO integrador.Localidad (Nombre,Provincia) VALUES ('Ángel Vicente Peñaloza','11');
INSERT INTO integrador.Localidad (Nombre,Provincia) VALUES ('Villa Sarmiento','5');
INSERT INTO integrador.Localidad (Nombre,Provincia) VALUES ('Rodeito','9');
INSERT INTO integrador.Localidad (Nombre,Provincia) VALUES ('25 de Mayo','17');
INSERT INTO integrador.Localidad (Nombre,Provincia) VALUES ('General San Martín','11');
INSERT INTO integrador.Localidad (Nombre,Provincia) VALUES ('San Blas de Los Sauces','11');
INSERT INTO integrador.Localidad (Nombre,Provincia) VALUES ('Laborde','5');
INSERT INTO integrador.Localidad (Nombre,Provincia) VALUES ('Villa del Totoral','5');
INSERT INTO integrador.Localidad (Nombre,Provincia) VALUES ('Olivares de San Nicolás','5');
INSERT INTO integrador.Localidad (Nombre,Provincia) VALUES ('Las Cañadas','5');
INSERT INTO integrador.Localidad (Nombre,Provincia) VALUES ('Las Calles','5');
INSERT INTO integrador.Localidad (Nombre,Provincia) VALUES ('La Verbena','7');
INSERT INTO integrador.Localidad (Nombre,Provincia) VALUES ('Alto Río Senguer','4');
INSERT INTO integrador.Localidad (Nombre,Provincia) VALUES ('Gobernador Costa','4');
INSERT INTO integrador.Localidad (Nombre,Provincia) VALUES ('San Antonio Oeste','15');
INSERT INTO integrador.Localidad (Nombre,Provincia) VALUES ('Ramayón','20');
INSERT INTO integrador.Localidad (Nombre,Provincia) VALUES ('Villa Rumipal','5');
INSERT INTO integrador.Localidad (Nombre,Provincia) VALUES ('Villa Tulumba','5');
INSERT INTO integrador.Localidad (Nombre,Provincia) VALUES ('Altamirano Sur','7');
INSERT INTO integrador.Localidad (Nombre,Provincia) VALUES ('Paso de Indios','4');
INSERT INTO integrador.Localidad (Nombre,Provincia) VALUES ('Comodoro Rivadavia','4');
INSERT INTO integrador.Localidad (Nombre,Provincia) VALUES ('Viedma','15');
INSERT INTO integrador.Localidad (Nombre,Provincia) VALUES ('Los Sosa','23');
INSERT INTO integrador.Localidad (Nombre,Provincia) VALUES ('Romang','20');
INSERT INTO integrador.Localidad (Nombre,Provincia) VALUES ('Desvío Arijón','20');
INSERT INTO integrador.Localidad (Nombre,Provincia) VALUES ('7 de Abril','23');
INSERT INTO integrador.Localidad (Nombre,Provincia) VALUES ('Comuna 11','24');
INSERT INTO integrador.Localidad (Nombre,Provincia) VALUES ('Aldea San Juan','7');
INSERT INTO integrador.Localidad (Nombre,Provincia) VALUES ('Distrito Sauce','7');
INSERT INTO integrador.Localidad (Nombre,Provincia) VALUES ('Distrito Tala','7');
INSERT INTO integrador.Localidad (Nombre,Provincia) VALUES ('Correa','20');
INSERT INTO integrador.Localidad (Nombre,Provincia) VALUES ('San Fabián','20');
INSERT INTO integrador.Localidad (Nombre,Provincia) VALUES ('Las Plumas','4');
INSERT INTO integrador.Localidad (Nombre,Provincia) VALUES ('Godoy','20');
INSERT INTO integrador.Localidad (Nombre,Provincia) VALUES ('Logroño','20');
INSERT INTO integrador.Localidad (Nombre,Provincia) VALUES ('Piñero','20');
INSERT INTO integrador.Localidad (Nombre,Provincia) VALUES ('Los Charrúas','7');
INSERT INTO integrador.Localidad (Nombre,Provincia) VALUES ('Comuna 15','24');
INSERT INTO integrador.Localidad (Nombre,Provincia) VALUES ('Fighiera','20');
INSERT INTO integrador.Localidad (Nombre,Provincia) VALUES ('Coronel Arnold','20');
INSERT INTO integrador.Localidad (Nombre,Provincia) VALUES ('Villa Ana','20');
INSERT INTO integrador.Localidad (Nombre,Provincia) VALUES ('San Marcial','7');
INSERT INTO integrador.Localidad (Nombre,Provincia) VALUES ('Cacique Ariacaiquín','20');
INSERT INTO integrador.Localidad (Nombre,Provincia) VALUES ('Pavón Arriba','20');
INSERT INTO integrador.Localidad (Nombre,Provincia) VALUES ('Laurencena','7');
INSERT INTO integrador.Localidad (Nombre,Provincia) VALUES ('Febre','7');
INSERT INTO integrador.Localidad (Nombre,Provincia) VALUES ('Aldea San Antonio','7');
INSERT INTO integrador.Localidad (Nombre,Provincia) VALUES ('Cuchilla Redonda','7');
INSERT INTO integrador.Localidad (Nombre,Provincia) VALUES ('Hocker','7');
INSERT INTO integrador.Localidad (Nombre,Provincia) VALUES ('Santa Victoria Oeste','16');
INSERT INTO integrador.Localidad (Nombre,Provincia) VALUES ('Carmen del Sauce','20');
INSERT INTO integrador.Localidad (Nombre,Provincia) VALUES ('Rivadavia','20');
INSERT INTO integrador.Localidad (Nombre,Provincia) VALUES ('Esquina y Mancopa','23');
INSERT INTO integrador.Localidad (Nombre,Provincia) VALUES ('Las Heras','12');
INSERT INTO integrador.Localidad (Nombre,Provincia) VALUES ('Tupungato','12');
INSERT INTO integrador.Localidad (Nombre,Provincia) VALUES ('La Paz','12');
INSERT INTO integrador.Localidad (Nombre,Provincia) VALUES ('Alderetes','23');
INSERT INTO integrador.Localidad (Nombre,Provincia) VALUES ('Puerto Algarrobo','7');
INSERT INTO integrador.Localidad (Nombre,Provincia) VALUES ('Raíces Oeste','7');
INSERT INTO integrador.Localidad (Nombre,Provincia) VALUES ('San José de Metán','16');
INSERT INTO integrador.Localidad (Nombre,Provincia) VALUES ('Juan Pujol','6');
INSERT INTO integrador.Localidad (Nombre,Provincia) VALUES ('Lucas Norte','7');
INSERT INTO integrador.Localidad (Nombre,Provincia) VALUES ('Colonia Pando','6');
INSERT INTO integrador.Localidad (Nombre,Provincia) VALUES ('Balde','18');
INSERT INTO integrador.Localidad (Nombre,Provincia) VALUES ('Tosquita','5');
INSERT INTO integrador.Localidad (Nombre,Provincia) VALUES ('Las Chacras','18');
INSERT INTO integrador.Localidad (Nombre,Provincia) VALUES ('San Francisco','18');
INSERT INTO integrador.Localidad (Nombre,Provincia) VALUES ('La Viña','16');
INSERT INTO integrador.Localidad (Nombre,Provincia) VALUES ('Distrito Chiqueros','7');
INSERT INTO integrador.Localidad (Nombre,Provincia) VALUES ('Coronel Moldes','16');
INSERT INTO integrador.Localidad (Nombre,Provincia) VALUES ('Alvear','6');
INSERT INTO integrador.Localidad (Nombre,Provincia) VALUES ('Santo Tomé','6');
INSERT INTO integrador.Localidad (Nombre,Provincia) VALUES ('Comuna 2','24');
INSERT INTO integrador.Localidad (Nombre,Provincia) VALUES ('Paso del Sapo','4');
INSERT INTO integrador.Localidad (Nombre,Provincia) VALUES ('Joaquín V. González','16');
INSERT INTO integrador.Localidad (Nombre,Provincia) VALUES ('Villa Parque Síquiman','5');
INSERT INTO integrador.Localidad (Nombre,Provincia) VALUES ('Las Garzas','7');
INSERT INTO integrador.Localidad (Nombre,Provincia) VALUES ('Comuna 8','24');
INSERT INTO integrador.Localidad (Nombre,Provincia) VALUES ('San Carlos','6');
INSERT INTO integrador.Localidad (Nombre,Provincia) VALUES ('Comuna 6','24');
INSERT INTO integrador.Localidad (Nombre,Provincia) VALUES ('Arroyo Palo Seco','7');
INSERT INTO integrador.Localidad (Nombre,Provincia) VALUES ('Ingeniero Jacobacci','15');
INSERT INTO integrador.Localidad (Nombre,Provincia) VALUES ('Río Colorado','23');
INSERT INTO integrador.Localidad (Nombre,Provincia) VALUES ('Benito Juárez','1');
INSERT INTO integrador.Localidad (Nombre,Provincia) VALUES ('El Alto','2');
INSERT INTO integrador.Localidad (Nombre,Provincia) VALUES ('La Rioja','11');
INSERT INTO integrador.Localidad (Nombre,Provincia) VALUES ('General Felipe Varela','11');
INSERT INTO integrador.Localidad (Nombre,Provincia) VALUES ('Comuna 9','24');
INSERT INTO integrador.Localidad (Nombre,Provincia) VALUES ('Lomas de Vallejos','6');
INSERT INTO integrador.Localidad (Nombre,Provincia) VALUES ('Sagrada Familia','5');
INSERT INTO integrador.Localidad (Nombre,Provincia) VALUES ('Buena Esperanza','18');
INSERT INTO integrador.Localidad (Nombre,Provincia) VALUES ('Chaján','5');
INSERT INTO integrador.Localidad (Nombre,Provincia) VALUES ('El Redomón','7');
INSERT INTO integrador.Localidad (Nombre,Provincia) VALUES ('Unión','18');
INSERT INTO integrador.Localidad (Nombre,Provincia) VALUES ('Villa Belgrano','23');
INSERT INTO integrador.Localidad (Nombre,Provincia) VALUES ('San José de la Cocha','23');
INSERT INTO integrador.Localidad (Nombre,Provincia) VALUES ('Ramada Paso','6');
INSERT INTO integrador.Localidad (Nombre,Provincia) VALUES ('Comuna 5','24');
INSERT INTO integrador.Localidad (Nombre,Provincia) VALUES ('Distrito Primero','7');
INSERT INTO integrador.Localidad (Nombre,Provincia) VALUES ('Alto Verde y Los Guchea','23');
INSERT INTO integrador.Localidad (Nombre,Provincia) VALUES ('Pampa Mayo','23');
INSERT INTO integrador.Localidad (Nombre,Provincia) VALUES ('Comuna 12','24');
INSERT INTO integrador.Localidad (Nombre,Provincia) VALUES ('Villa Paranacito','7');
INSERT INTO integrador.Localidad (Nombre,Provincia) VALUES ('Caseros','7');
INSERT INTO integrador.Localidad (Nombre,Provincia) VALUES ('Leguizamón','5');
INSERT INTO integrador.Localidad (Nombre,Provincia) VALUES ('Mina Clavero','5');
INSERT INTO integrador.Localidad (Nombre,Provincia) VALUES ('Octavio Pico','14');
INSERT INTO integrador.Localidad (Nombre,Provincia) VALUES ('Ibicuy','7');
INSERT INTO integrador.Localidad (Nombre,Provincia) VALUES ('Empedrado','6');
INSERT INTO integrador.Localidad (Nombre,Provincia) VALUES ('El Sombrero','6');
INSERT INTO integrador.Localidad (Nombre,Provincia) VALUES ('Ituzaingó','6');
INSERT INTO integrador.Localidad (Nombre,Provincia) VALUES ('Eduardo Castex','10');
INSERT INTO integrador.Localidad (Nombre,Provincia) VALUES ('Comallo','15');
INSERT INTO integrador.Localidad (Nombre,Provincia) VALUES ('Aristóbulo del Valle','13');
INSERT INTO integrador.Localidad (Nombre,Provincia) VALUES ('San Pedro de Colalao','23');
INSERT INTO integrador.Localidad (Nombre,Provincia) VALUES ('Villa Padre Monti','23');
INSERT INTO integrador.Localidad (Nombre,Provincia) VALUES ('Los Puestos','23');
INSERT INTO integrador.Localidad (Nombre,Provincia) VALUES ('Rivadavia','17');
INSERT INTO integrador.Localidad (Nombre,Provincia) VALUES ('Agua Dulce y La Soledad','23');
INSERT INTO integrador.Localidad (Nombre,Provincia) VALUES ('Santa Lucía','17');
INSERT INTO integrador.Localidad (Nombre,Provincia) VALUES ('San Martín','17');
INSERT INTO integrador.Localidad (Nombre,Provincia) VALUES ('San José de Gualeguaychú','7');
INSERT INTO integrador.Localidad (Nombre,Provincia) VALUES ('Colonia Cello','20');
INSERT INTO integrador.Localidad (Nombre,Provincia) VALUES ('Comuna 13','24');
INSERT INTO integrador.Localidad (Nombre,Provincia) VALUES ('Comuna 1','24');
INSERT INTO integrador.Localidad (Nombre,Provincia) VALUES ('Chimbas','17');
INSERT INTO integrador.Localidad (Nombre,Provincia) VALUES ('Avellaneda','1');
INSERT INTO integrador.Localidad (Nombre,Provincia) VALUES ('San Pedro de Jujuy','9');
INSERT INTO integrador.Localidad (Nombre,Provincia) VALUES ('Margarita Belén','3');
INSERT INTO integrador.Localidad (Nombre,Provincia) VALUES ('Gobernador Virasoro','6');
INSERT INTO integrador.Localidad (Nombre,Provincia) VALUES ('Colonia Liebig','6');
INSERT INTO integrador.Localidad (Nombre,Provincia) VALUES ('Conscripto Bernardi','7');
INSERT INTO integrador.Localidad (Nombre,Provincia) VALUES ('Pocito','17');
INSERT INTO integrador.Localidad (Nombre,Provincia) VALUES ('Purmamarca','9');
INSERT INTO integrador.Localidad (Nombre,Provincia) VALUES ('Palca de Aparzo','9');
INSERT INTO integrador.Localidad (Nombre,Provincia) VALUES ('Uquia','9');
INSERT INTO integrador.Localidad (Nombre,Provincia) VALUES ('San Benito','7');
INSERT INTO integrador.Localidad (Nombre,Provincia) VALUES ('El Sauce','14');
INSERT INTO integrador.Localidad (Nombre,Provincia) VALUES ('Santa Lucía','6');
INSERT INTO integrador.Localidad (Nombre,Provincia) VALUES ('El Fuerte','9');
INSERT INTO integrador.Localidad (Nombre,Provincia) VALUES ('Comechingones','5');
INSERT INTO integrador.Localidad (Nombre,Provincia) VALUES ('Saladero Mariano Cabal','20');
INSERT INTO integrador.Localidad (Nombre,Provincia) VALUES ('Laguna Naick Neck','8');
INSERT INTO integrador.Localidad (Nombre,Provincia) VALUES ('Riacho He He','8');
INSERT INTO integrador.Localidad (Nombre,Provincia) VALUES ('Clorinda','8');
INSERT INTO integrador.Localidad (Nombre,Provincia) VALUES ('Ullum','17');
INSERT INTO integrador.Localidad (Nombre,Provincia) VALUES ('Colonia Pastoril','8');
INSERT INTO integrador.Localidad (Nombre,Provincia) VALUES ('Pellegrini','1');
INSERT INTO integrador.Localidad (Nombre,Provincia) VALUES ('Mariano I. Loza','6');
INSERT INTO integrador.Localidad (Nombre,Provincia) VALUES ('El Chorro','8');
INSERT INTO integrador.Localidad (Nombre,Provincia) VALUES ('Rawson','17');
INSERT INTO integrador.Localidad (Nombre,Provincia) VALUES ('Jáchal','17');
INSERT INTO integrador.Localidad (Nombre,Provincia) VALUES ('Villa Domínguez','7');
INSERT INTO integrador.Localidad (Nombre,Provincia) VALUES ('Sauce Montrull','7');
INSERT INTO integrador.Localidad (Nombre,Provincia) VALUES ('Nueva Galia','18');
INSERT INTO integrador.Localidad (Nombre,Provincia) VALUES ('Picún Leufú','14');
INSERT INTO integrador.Localidad (Nombre,Provincia) VALUES ('Las Coloradas','14');
INSERT INTO integrador.Localidad (Nombre,Provincia) VALUES ('Acebal','20');
INSERT INTO integrador.Localidad (Nombre,Provincia) VALUES ('La Providencia','7');
INSERT INTO integrador.Localidad (Nombre,Provincia) VALUES ('San José de Feliciano','7');
INSERT INTO integrador.Localidad (Nombre,Provincia) VALUES ('Santo Tomás','14');
INSERT INTO integrador.Localidad (Nombre,Provincia) VALUES ('Pueblo Libertador','6');
INSERT INTO integrador.Localidad (Nombre,Provincia) VALUES ('La Ollita','7');
INSERT INTO integrador.Localidad (Nombre,Provincia) VALUES ('San Miguel','6');
INSERT INTO integrador.Localidad (Nombre,Provincia) VALUES ('Loreto','6');
INSERT INTO integrador.Localidad (Nombre,Provincia) VALUES ('Aldea Asunción','7');
INSERT INTO integrador.Localidad (Nombre,Provincia) VALUES ('San Cipriano','7');
INSERT INTO integrador.Localidad (Nombre,Provincia) VALUES ('Piedra del Águila','14');
INSERT INTO integrador.Localidad (Nombre,Provincia) VALUES ('Los Tábanos','20');
INSERT INTO integrador.Localidad (Nombre,Provincia) VALUES ('Guañacos','14');
INSERT INTO integrador.Localidad (Nombre,Provincia) VALUES ('Durazno','7');
INSERT INTO integrador.Localidad (Nombre,Provincia) VALUES ('Los Miches','14');
INSERT INTO integrador.Localidad (Nombre,Provincia) VALUES ('Villa del Nahueve','14');
INSERT INTO integrador.Localidad (Nombre,Provincia) VALUES ('Andacollo','14');
INSERT INTO integrador.Localidad (Nombre,Provincia) VALUES ('Tabossi','7');
INSERT INTO integrador.Localidad (Nombre,Provincia) VALUES ('El Cholar','14');
INSERT INTO integrador.Localidad (Nombre,Provincia) VALUES ('La Picada','7');
INSERT INTO integrador.Localidad (Nombre,Provincia) VALUES ('El Solar','7');
INSERT INTO integrador.Localidad (Nombre,Provincia) VALUES ('Bella Vista','6');
INSERT INTO integrador.Localidad (Nombre,Provincia) VALUES ('Yapeyú','6');
INSERT INTO integrador.Localidad (Nombre,Provincia) VALUES ('San Cosme','6');
INSERT INTO integrador.Localidad (Nombre,Provincia) VALUES ('El Huecú','14');
INSERT INTO integrador.Localidad (Nombre,Provincia) VALUES ('Pedro R. Fernández','6');
INSERT INTO integrador.Localidad (Nombre,Provincia) VALUES ('Las Mercedes','7');
INSERT INTO integrador.Localidad (Nombre,Provincia) VALUES ('Taquimilán','14');
INSERT INTO integrador.Localidad (Nombre,Provincia) VALUES ('Loncopué','14');
INSERT INTO integrador.Localidad (Nombre,Provincia) VALUES ('Las Flores','1');
INSERT INTO integrador.Localidad (Nombre,Provincia) VALUES ('Rojas','1');
INSERT INTO integrador.Localidad (Nombre,Provincia) VALUES ('Escobar','1');
INSERT INTO integrador.Localidad (Nombre,Provincia) VALUES ('José C. Paz','1');
INSERT INTO integrador.Localidad (Nombre,Provincia) VALUES ('San Antonio de Areco','1');
INSERT INTO integrador.Localidad (Nombre,Provincia) VALUES ('Maipú','1');
INSERT INTO integrador.Localidad (Nombre,Provincia) VALUES ('Guaviraví','6');
INSERT INTO integrador.Localidad (Nombre,Provincia) VALUES ('La Florida','7');
INSERT INTO integrador.Localidad (Nombre,Provincia) VALUES ('Villa Elisa','7');
INSERT INTO integrador.Localidad (Nombre,Provincia) VALUES ('Ramón M. Castro','14');
INSERT INTO integrador.Localidad (Nombre,Provincia) VALUES ('Herlitzka','6');
INSERT INTO integrador.Localidad (Nombre,Provincia) VALUES ('Paso de las Piedras','7');
INSERT INTO integrador.Localidad (Nombre,Provincia) VALUES ('Costa Grande','7');
INSERT INTO integrador.Localidad (Nombre,Provincia) VALUES ('Ingeniero Guillermo Nicasio Juárez','8');
INSERT INTO integrador.Localidad (Nombre,Provincia) VALUES ('Pinamar','1');
INSERT INTO integrador.Localidad (Nombre,Provincia) VALUES ('General Lavalle','1');
INSERT INTO integrador.Localidad (Nombre,Provincia) VALUES ('La Costa','1');
INSERT INTO integrador.Localidad (Nombre,Provincia) VALUES ('Magdalena','1');
INSERT INTO integrador.Localidad (Nombre,Provincia) VALUES ('Vicente López','1');
INSERT INTO integrador.Localidad (Nombre,Provincia) VALUES ('La Paz','7');
INSERT INTO integrador.Localidad (Nombre,Provincia) VALUES ('Pergamino','1');
INSERT INTO integrador.Localidad (Nombre,Provincia) VALUES ('Rauch','1');
INSERT INTO integrador.Localidad (Nombre,Provincia) VALUES ('Los Chiriguanos','8');
INSERT INTO integrador.Localidad (Nombre,Provincia) VALUES ('Rincón del Gato','7');
INSERT INTO integrador.Localidad (Nombre,Provincia) VALUES ('Laguna Yema','8');
INSERT INTO integrador.Localidad (Nombre,Provincia) VALUES ('El Quebracho','7');
INSERT INTO integrador.Localidad (Nombre,Provincia) VALUES ('Yeso Oeste','7');
INSERT INTO integrador.Localidad (Nombre,Provincia) VALUES ('Las Lomitas','8');
INSERT INTO integrador.Localidad (Nombre,Provincia) VALUES ('Pozo del Tigre','8');
INSERT INTO integrador.Localidad (Nombre,Provincia) VALUES ('Concordia','7');
INSERT INTO integrador.Localidad (Nombre,Provincia) VALUES ('Ingeniero Sajaroff','7');
INSERT INTO integrador.Localidad (Nombre,Provincia) VALUES ('Villa Olivari','6');
INSERT INTO integrador.Localidad (Nombre,Provincia) VALUES ('Colonia Avigdor','7');
INSERT INTO integrador.Localidad (Nombre,Provincia) VALUES ('Estaquitas','7');
INSERT INTO integrador.Localidad (Nombre,Provincia) VALUES ('Banderas','7');
INSERT INTO integrador.Localidad (Nombre,Provincia) VALUES ('Saucecito','7');
INSERT INTO integrador.Localidad (Nombre,Provincia) VALUES ('Laguna Benítez','7');
INSERT INTO integrador.Localidad (Nombre,Provincia) VALUES ('San Víctor','7');
INSERT INTO integrador.Localidad (Nombre,Provincia) VALUES ('Los Conquistadores','7');
INSERT INTO integrador.Localidad (Nombre,Provincia) VALUES ('Anchorena','18');
INSERT INTO integrador.Localidad (Nombre,Provincia) VALUES ('Estación Raíces','7');
INSERT INTO integrador.Localidad (Nombre,Provincia) VALUES ('9 de Julio','6');
INSERT INTO integrador.Localidad (Nombre,Provincia) VALUES ('Chavarría','6');
INSERT INTO integrador.Localidad (Nombre,Provincia) VALUES ('San Luis del Palmar','6');
INSERT INTO integrador.Localidad (Nombre,Provincia) VALUES ('Estanislao del Campo','8');
INSERT INTO integrador.Localidad (Nombre,Provincia) VALUES ('Ibarreta','8');
INSERT INTO integrador.Localidad (Nombre,Provincia) VALUES ('Estación Yuquerí','7');
INSERT INTO integrador.Localidad (Nombre,Provincia) VALUES ('Villa Urquiza','7');
INSERT INTO integrador.Localidad (Nombre,Provincia) VALUES ('Irazusta','7');
INSERT INTO integrador.Localidad (Nombre,Provincia) VALUES ('Jovita','5');
INSERT INTO integrador.Localidad (Nombre,Provincia) VALUES ('Paraje Las Tunas','7');
INSERT INTO integrador.Localidad (Nombre,Provincia) VALUES ('Pueblo Cazes','7');
INSERT INTO integrador.Localidad (Nombre,Provincia) VALUES ('Diamante','7');
INSERT INTO integrador.Localidad (Nombre,Provincia) VALUES ('Laguna del Pescado','7');
INSERT INTO integrador.Localidad (Nombre,Provincia) VALUES ('Lavalle','6');
INSERT INTO integrador.Localidad (Nombre,Provincia) VALUES ('Médanos','7');
INSERT INTO integrador.Localidad (Nombre,Provincia) VALUES ('Las Guachas','7');
INSERT INTO integrador.Localidad (Nombre,Provincia) VALUES ('González Calderón','7');
INSERT INTO integrador.Localidad (Nombre,Provincia) VALUES ('Quemú Quemú','10');
INSERT INTO integrador.Localidad (Nombre,Provincia) VALUES ('Las Toscas','7');
INSERT INTO integrador.Localidad (Nombre,Provincia) VALUES ('Colonia Carrasco','7');
INSERT INTO integrador.Localidad (Nombre,Provincia) VALUES ('Villa Mirasol','10');
INSERT INTO integrador.Localidad (Nombre,Provincia) VALUES ('Estancia Grande','7');
INSERT INTO integrador.Localidad (Nombre,Provincia) VALUES ('Arroyo Burgos','7');
INSERT INTO integrador.Localidad (Nombre,Provincia) VALUES ('Paso de La Laguna','7');
INSERT INTO integrador.Localidad (Nombre,Provincia) VALUES ('General Alvear','7');
INSERT INTO integrador.Localidad (Nombre,Provincia) VALUES ('La Toma','18');
INSERT INTO integrador.Localidad (Nombre,Provincia) VALUES ('Estación Torrent','6');
INSERT INTO integrador.Localidad (Nombre,Provincia) VALUES ('Colonia Ayuí','7');
INSERT INTO integrador.Localidad (Nombre,Provincia) VALUES ('Tabay','6');
INSERT INTO integrador.Localidad (Nombre,Provincia) VALUES ('Palmar Grande','6');
INSERT INTO integrador.Localidad (Nombre,Provincia) VALUES ('Lucas González','7');
INSERT INTO integrador.Localidad (Nombre,Provincia) VALUES ('Rosario del Tala','7');
INSERT INTO integrador.Localidad (Nombre,Provincia) VALUES ('Colonia Barón','10');
INSERT INTO integrador.Localidad (Nombre,Provincia) VALUES ('Paso de la Patria','6');
INSERT INTO integrador.Localidad (Nombre,Provincia) VALUES ('Aldea San Antonio','7');
INSERT INTO integrador.Localidad (Nombre,Provincia) VALUES ('Winifreda','10');
INSERT INTO integrador.Localidad (Nombre,Provincia) VALUES ('Santa Anita','7');
INSERT INTO integrador.Localidad (Nombre,Provincia) VALUES ('Gobernador Racedo','7');
INSERT INTO integrador.Localidad (Nombre,Provincia) VALUES ('Loventué','10');
INSERT INTO integrador.Localidad (Nombre,Provincia) VALUES ('Gualeguay','7');
INSERT INTO integrador.Localidad (Nombre,Provincia) VALUES ('Puerta de San José','2');
INSERT INTO integrador.Localidad (Nombre,Provincia) VALUES ('María Grande','7');
INSERT INTO integrador.Localidad (Nombre,Provincia) VALUES ('Villa del Rosario','7');
INSERT INTO integrador.Localidad (Nombre,Provincia) VALUES ('Puerto Yeruá','7');
INSERT INTO integrador.Localidad (Nombre,Provincia) VALUES ('Aldea San Miguel','7');
INSERT INTO integrador.Localidad (Nombre,Provincia) VALUES ('San Ramírez','7');
INSERT INTO integrador.Localidad (Nombre,Provincia) VALUES ('Monte de los Gauchos','5');
INSERT INTO integrador.Localidad (Nombre,Provincia) VALUES ('Distrito Talitas','7');
INSERT INTO integrador.Localidad (Nombre,Provincia) VALUES ('Costa Uruguay Sur','7');
INSERT INTO integrador.Localidad (Nombre,Provincia) VALUES ('Los Chihuidos','14');
INSERT INTO integrador.Localidad (Nombre,Provincia) VALUES ('San Justo','7');
INSERT INTO integrador.Localidad (Nombre,Provincia) VALUES ('Comandante Fontana','8');
INSERT INTO integrador.Localidad (Nombre,Provincia) VALUES ('Paraje Los Algarrobos','7');
INSERT INTO integrador.Localidad (Nombre,Provincia) VALUES ('Quebracho','7');
INSERT INTO integrador.Localidad (Nombre,Provincia) VALUES ('Junín de los Andes','14');
INSERT INTO integrador.Localidad (Nombre,Provincia) VALUES ('Aluminé','14');
INSERT INTO integrador.Localidad (Nombre,Provincia) VALUES ('San Patricio del Chañar','14');
INSERT INTO integrador.Localidad (Nombre,Provincia) VALUES ('Tandil','1');
INSERT INTO integrador.Localidad (Nombre,Provincia) VALUES ('Aldea Brasilera','7');
INSERT INTO integrador.Localidad (Nombre,Provincia) VALUES ('Coronel Suárez','1');
INSERT INTO integrador.Localidad (Nombre,Provincia) VALUES ('Adolfo Gonzales Chaves','1');
INSERT INTO integrador.Localidad (Nombre,Provincia) VALUES ('Saladillo','1');
INSERT INTO integrador.Localidad (Nombre,Provincia) VALUES ('Palo Santo','8');
INSERT INTO integrador.Localidad (Nombre,Provincia) VALUES ('Bahía Blanca','1');
INSERT INTO integrador.Localidad (Nombre,Provincia) VALUES ('Colón','7');
INSERT INTO integrador.Localidad (Nombre,Provincia) VALUES ('Juan Llerena','18');
INSERT INTO integrador.Localidad (Nombre,Provincia) VALUES ('Talita','18');
INSERT INTO integrador.Localidad (Nombre,Provincia) VALUES ('Pampayasta Norte','5');
INSERT INTO integrador.Localidad (Nombre,Provincia) VALUES ('Villaguay','7');
INSERT INTO integrador.Localidad (Nombre,Provincia) VALUES ('Papagayos','18');
INSERT INTO integrador.Localidad (Nombre,Provincia) VALUES ('Pampayasta Sud','5');
INSERT INTO integrador.Localidad (Nombre,Provincia) VALUES ('María Grande 2º','7');
INSERT INTO integrador.Localidad (Nombre,Provincia) VALUES ('Santa Luisa','7');
INSERT INTO integrador.Localidad (Nombre,Provincia) VALUES ('Betbeder','7');
INSERT INTO integrador.Localidad (Nombre,Provincia) VALUES ('Aldea San Rafael','7');
INSERT INTO integrador.Localidad (Nombre,Provincia) VALUES ('Villa Larca','18');
INSERT INTO integrador.Localidad (Nombre,Provincia) VALUES ('Pilar','5');
INSERT INTO integrador.Localidad (Nombre,Provincia) VALUES ('Piquillín','5');
INSERT INTO integrador.Localidad (Nombre,Provincia) VALUES ('Estación Yeruá','7');
INSERT INTO integrador.Localidad (Nombre,Provincia) VALUES ('Rincón del Doll','7');
INSERT INTO integrador.Localidad (Nombre,Provincia) VALUES ('Pedernal','7');
INSERT INTO integrador.Localidad (Nombre,Provincia) VALUES ('Arroyo del Medio','7');
INSERT INTO integrador.Localidad (Nombre,Provincia) VALUES ('Paso Aguerre','14');
INSERT INTO integrador.Localidad (Nombre,Provincia) VALUES ('Gobernador Etchevehere','7');
INSERT INTO integrador.Localidad (Nombre,Provincia) VALUES ('San Martín de los Andes','14');
INSERT INTO integrador.Localidad (Nombre,Provincia) VALUES ('Las Ovejas','14');
INSERT INTO integrador.Localidad (Nombre,Provincia) VALUES ('Villa La Angostura','14');
INSERT INTO integrador.Localidad (Nombre,Provincia) VALUES ('Senillosa','14');
INSERT INTO integrador.Localidad (Nombre,Provincia) VALUES ('Crespo','7');
INSERT INTO integrador.Localidad (Nombre,Provincia) VALUES ('Colonia Santa Rosa','6');
INSERT INTO integrador.Localidad (Nombre,Provincia) VALUES ('Crucesitas Séptima','7');
INSERT INTO integrador.Localidad (Nombre,Provincia) VALUES ('Walter Moss','7');
INSERT INTO integrador.Localidad (Nombre,Provincia) VALUES ('Colonia Oficial Nº 5','7');
INSERT INTO integrador.Localidad (Nombre,Provincia) VALUES ('Colonia Merou','7');
INSERT INTO integrador.Localidad (Nombre,Provincia) VALUES ('Las Cuevas','7');
INSERT INTO integrador.Localidad (Nombre,Provincia) VALUES ('Arroyo Barú','7');
INSERT INTO integrador.Localidad (Nombre,Provincia) VALUES ('San Miguel','7');
INSERT INTO integrador.Localidad (Nombre,Provincia) VALUES ('Cruz de los Milagros','6');
INSERT INTO integrador.Localidad (Nombre,Provincia) VALUES ('Carolina','6');
INSERT INTO integrador.Localidad (Nombre,Provincia) VALUES ('Cecilio Echavarría','6');
INSERT INTO integrador.Localidad (Nombre,Provincia) VALUES ('Aldea Eigenfeld','7');
INSERT INTO integrador.Localidad (Nombre,Provincia) VALUES ('Herrera','7');
INSERT INTO integrador.Localidad (Nombre,Provincia) VALUES ('San Salvador','7');
INSERT INTO integrador.Localidad (Nombre,Provincia) VALUES ('Alcaraz Sur','7');
INSERT INTO integrador.Localidad (Nombre,Provincia) VALUES ('Federación','7');
INSERT INTO integrador.Localidad (Nombre,Provincia) VALUES ('Aldea Grapschental','7');
INSERT INTO integrador.Localidad (Nombre,Provincia) VALUES ('Justo Daract','18');
INSERT INTO integrador.Localidad (Nombre,Provincia) VALUES ('Concepción del Uruguay','7');
INSERT INTO integrador.Localidad (Nombre,Provincia) VALUES ('Naschel','18');
INSERT INTO integrador.Localidad (Nombre,Provincia) VALUES ('General Ramírez','7');
INSERT INTO integrador.Localidad (Nombre,Provincia) VALUES ('Arizona','18');
INSERT INTO integrador.Localidad (Nombre,Provincia) VALUES ('Costa San Antonio','7');
INSERT INTO integrador.Localidad (Nombre,Provincia) VALUES ('Aldea Santa María','7');
INSERT INTO integrador.Localidad (Nombre,Provincia) VALUES ('Los Chañaritos','5');
INSERT INTO integrador.Localidad (Nombre,Provincia) VALUES ('Los Hornillos','5');
INSERT INTO integrador.Localidad (Nombre,Provincia) VALUES ('Los Hoyos','5');
INSERT INTO integrador.Localidad (Nombre,Provincia) VALUES ('Los Pozos','5');
INSERT INTO integrador.Localidad (Nombre,Provincia) VALUES ('Gaiman','4');
INSERT INTO integrador.Localidad (Nombre,Provincia) VALUES ('Arroyo Cle','7');
INSERT INTO integrador.Localidad (Nombre,Provincia) VALUES ('Río Pico','4');
INSERT INTO integrador.Localidad (Nombre,Provincia) VALUES ('Banda del Río Salí','23');
INSERT INTO integrador.Localidad (Nombre,Provincia) VALUES ('Lozada','5');
INSERT INTO integrador.Localidad (Nombre,Provincia) VALUES ('Paraje Guayaquil','7');
INSERT INTO integrador.Localidad (Nombre,Provincia) VALUES ('Los Molinos','5');
INSERT INTO integrador.Localidad (Nombre,Provincia) VALUES ('Los Surgentes','5');
INSERT INTO integrador.Localidad (Nombre,Provincia) VALUES ('Los Talares','5');
INSERT INTO integrador.Localidad (Nombre,Provincia) VALUES ('Gualjaina','4');
INSERT INTO integrador.Localidad (Nombre,Provincia) VALUES ('San Roque','7');
INSERT INTO integrador.Localidad (Nombre,Provincia) VALUES ('Cerrito','7');
INSERT INTO integrador.Localidad (Nombre,Provincia) VALUES ('Los Reartes','5');
INSERT INTO integrador.Localidad (Nombre,Provincia) VALUES ('Colonia Santa Rosa','16');
INSERT INTO integrador.Localidad (Nombre,Provincia) VALUES ('Las Higueras','5');
INSERT INTO integrador.Localidad (Nombre,Provincia) VALUES ('Las Palmas','5');
INSERT INTO integrador.Localidad (Nombre,Provincia) VALUES ('Santa Ana','23');
INSERT INTO integrador.Localidad (Nombre,Provincia) VALUES ('Las Peñas','5');
INSERT INTO integrador.Localidad (Nombre,Provincia) VALUES ('San Andrés','23');
INSERT INTO integrador.Localidad (Nombre,Provincia) VALUES ('Las Perdices','5');
INSERT INTO integrador.Localidad (Nombre,Provincia) VALUES ('Mattaldi','5');
INSERT INTO integrador.Localidad (Nombre,Provincia) VALUES ('Mendiolaza','5');
INSERT INTO integrador.Localidad (Nombre,Provincia) VALUES ('Aguas Blancas','16');
INSERT INTO integrador.Localidad (Nombre,Provincia) VALUES ('Las Rabonas','5');
INSERT INTO integrador.Localidad (Nombre,Provincia) VALUES ('Las Playas','5');
INSERT INTO integrador.Localidad (Nombre,Provincia) VALUES ('Las Varas','5');
INSERT INTO integrador.Localidad (Nombre,Provincia) VALUES ('Las Saladas','5');
INSERT INTO integrador.Localidad (Nombre,Provincia) VALUES ('Hambis','7');
INSERT INTO integrador.Localidad (Nombre,Provincia) VALUES ('Don Cristóbal I','7');
INSERT INTO integrador.Localidad (Nombre,Provincia) VALUES ('Montecristo','5');
INSERT INTO integrador.Localidad (Nombre,Provincia) VALUES ('Monte Maíz','5');
INSERT INTO integrador.Localidad (Nombre,Provincia) VALUES ('Colombres','23');
INSERT INTO integrador.Localidad (Nombre,Provincia) VALUES ('Monte Leña','5');
INSERT INTO integrador.Localidad (Nombre,Provincia) VALUES ('Morrison','5');
INSERT INTO integrador.Localidad (Nombre,Provincia) VALUES ('Monte Ralo','5');
INSERT INTO integrador.Localidad (Nombre,Provincia) VALUES ('San Jerónimo','18');
INSERT INTO integrador.Localidad (Nombre,Provincia) VALUES ('Noetinger','5');
INSERT INTO integrador.Localidad (Nombre,Provincia) VALUES ('Olaeta','5');
INSERT INTO integrador.Localidad (Nombre,Provincia) VALUES ('Obispo Trejo','5');
INSERT INTO integrador.Localidad (Nombre,Provincia) VALUES ('Luque','5');
INSERT INTO integrador.Localidad (Nombre,Provincia) VALUES ('Lucio Victorio Mansilla','5');
INSERT INTO integrador.Localidad (Nombre,Provincia) VALUES ('Luyaba','5');
INSERT INTO integrador.Localidad (Nombre,Provincia) VALUES ('Lutti','5');
INSERT INTO integrador.Localidad (Nombre,Provincia) VALUES ('Malena','5');
INSERT INTO integrador.Localidad (Nombre,Provincia) VALUES ('Melo','5');
INSERT INTO integrador.Localidad (Nombre,Provincia) VALUES ('Malagueño','5');
INSERT INTO integrador.Localidad (Nombre,Provincia) VALUES ('Manfredi','5');
INSERT INTO integrador.Localidad (Nombre,Provincia) VALUES ('Mayu Sumaj','5');
INSERT INTO integrador.Localidad (Nombre,Provincia) VALUES ('Malvinas Argentinas','5');
INSERT INTO integrador.Localidad (Nombre,Provincia) VALUES ('Media Naranja','5');
INSERT INTO integrador.Localidad (Nombre,Provincia) VALUES ('Inriville','5');
INSERT INTO integrador.Localidad (Nombre,Provincia) VALUES ('James Craik','5');
INSERT INTO integrador.Localidad (Nombre,Provincia) VALUES ('Italó','5');
INSERT INTO integrador.Localidad (Nombre,Provincia) VALUES ('Isletas','7');
INSERT INTO integrador.Localidad (Nombre,Provincia) VALUES ('Los Pereyra','23');
INSERT INTO integrador.Localidad (Nombre,Provincia) VALUES ('Huerta Grande','5');
INSERT INTO integrador.Localidad (Nombre,Provincia) VALUES ('Guanaco Muerto','5');
INSERT INTO integrador.Localidad (Nombre,Provincia) VALUES ('Lucas Sur Primero','7');
INSERT INTO integrador.Localidad (Nombre,Provincia) VALUES ('El Cercado','23');
INSERT INTO integrador.Localidad (Nombre,Provincia) VALUES ('El Mojón','23');
INSERT INTO integrador.Localidad (Nombre,Provincia) VALUES ('Victoria','7');
INSERT INTO integrador.Localidad (Nombre,Provincia) VALUES ('Cote Lai','3');
INSERT INTO integrador.Localidad (Nombre,Provincia) VALUES ('La Calera','5');
INSERT INTO integrador.Localidad (Nombre,Provincia) VALUES ('Paso Duarte','7');
INSERT INTO integrador.Localidad (Nombre,Provincia) VALUES ('Tigre','1');
INSERT INTO integrador.Localidad (Nombre,Provincia) VALUES ('Villarino','1');
INSERT INTO integrador.Localidad (Nombre,Provincia) VALUES ('Castelli','1');
INSERT INTO integrador.Localidad (Nombre,Provincia) VALUES ('Yavi','9');
INSERT INTO integrador.Localidad (Nombre,Provincia) VALUES ('Escaba','23');
INSERT INTO integrador.Localidad (Nombre,Provincia) VALUES ('Paraná','7');
INSERT INTO integrador.Localidad (Nombre,Provincia) VALUES ('Estación Aráoz y Tacanas','23');
INSERT INTO integrador.Localidad (Nombre,Provincia) VALUES ('La Batea','5');
INSERT INTO integrador.Localidad (Nombre,Provincia) VALUES ('Yacaré','7');
INSERT INTO integrador.Localidad (Nombre,Provincia) VALUES ('Vista Alegre','14');
INSERT INTO integrador.Localidad (Nombre,Provincia) VALUES ('Mariano Moreno','14');
INSERT INTO integrador.Localidad (Nombre,Provincia) VALUES ('Huinganco','14');
INSERT INTO integrador.Localidad (Nombre,Provincia) VALUES ('Moreno','1');
INSERT INTO integrador.Localidad (Nombre,Provincia) VALUES ('Tricao Malal','14');
INSERT INTO integrador.Localidad (Nombre,Provincia) VALUES ('La Matanza','1');
INSERT INTO integrador.Localidad (Nombre,Provincia) VALUES ('General Pueyrredón','1');
INSERT INTO integrador.Localidad (Nombre,Provincia) VALUES ('Manzano Amargo','14');
INSERT INTO integrador.Localidad (Nombre,Provincia) VALUES ('Chorriaca','14');
INSERT INTO integrador.Localidad (Nombre,Provincia) VALUES ('Mar Chiquita','1');
INSERT INTO integrador.Localidad (Nombre,Provincia) VALUES ('Villa Gesell','1');
INSERT INTO integrador.Localidad (Nombre,Provincia) VALUES ('Sauzal Bonito','14');
INSERT INTO integrador.Localidad (Nombre,Provincia) VALUES ('Coyuco - Cochico','14');
INSERT INTO integrador.Localidad (Nombre,Provincia) VALUES ('El Bolsón','15');
INSERT INTO integrador.Localidad (Nombre,Provincia) VALUES ('Tornquist','1');
INSERT INTO integrador.Localidad (Nombre,Provincia) VALUES ('Coronel Pringles','1');
INSERT INTO integrador.Localidad (Nombre,Provincia) VALUES ('General Guido','1');
INSERT INTO integrador.Localidad (Nombre,Provincia) VALUES ('General Juan Madariaga','1');
INSERT INTO integrador.Localidad (Nombre,Provincia) VALUES ('Ezeiza','1');
INSERT INTO integrador.Localidad (Nombre,Provincia) VALUES ('9 de Julio','1');
INSERT INTO integrador.Localidad (Nombre,Provincia) VALUES ('Ramallo','1');
INSERT INTO integrador.Localidad (Nombre,Provincia) VALUES ('General Belgrano','1');
INSERT INTO integrador.Localidad (Nombre,Provincia) VALUES ('Monte','1');
INSERT INTO integrador.Localidad (Nombre,Provincia) VALUES ('Roque Pérez','1');
INSERT INTO integrador.Localidad (Nombre,Provincia) VALUES ('Olavarría','1');
INSERT INTO integrador.Localidad (Nombre,Provincia) VALUES ('Merlo','1');
INSERT INTO integrador.Localidad (Nombre,Provincia) VALUES ('Capitán Sarmiento','1');
INSERT INTO integrador.Localidad (Nombre,Provincia) VALUES ('Isla del Cerrito','3');
INSERT INTO integrador.Localidad (Nombre,Provincia) VALUES ('Juan José Castelli','3');
INSERT INTO integrador.Localidad (Nombre,Provincia) VALUES ('Salto','1');
INSERT INTO integrador.Localidad (Nombre,Provincia) VALUES ('Exaltación de la Cruz','1');
INSERT INTO integrador.Localidad (Nombre,Provincia) VALUES ('San Miguel','1');
INSERT INTO integrador.Localidad (Nombre,Provincia) VALUES ('San Andrés de Giles','1');
INSERT INTO integrador.Localidad (Nombre,Provincia) VALUES ('Pilar','1');
INSERT INTO integrador.Localidad (Nombre,Provincia) VALUES ('Luján','1');
INSERT INTO integrador.Localidad (Nombre,Provincia) VALUES ('La Quiaca','9');
INSERT INTO integrador.Localidad (Nombre,Provincia) VALUES ('Tapalqué','1');
INSERT INTO integrador.Localidad (Nombre,Provincia) VALUES ('Lagunita Salada','4');
INSERT INTO integrador.Localidad (Nombre,Provincia) VALUES ('Santa Lucía','23');
INSERT INTO integrador.Localidad (Nombre,Provincia) VALUES ('Lobos','1');
INSERT INTO integrador.Localidad (Nombre,Provincia) VALUES ('El Naranjo y El Sunchal','23');
INSERT INTO integrador.Localidad (Nombre,Provincia) VALUES ('General Arenales','1');
INSERT INTO integrador.Localidad (Nombre,Provincia) VALUES ('Resistencia','3');
INSERT INTO integrador.Localidad (Nombre,Provincia) VALUES ('Dr. Atilio Oscar Viglione','4');
INSERT INTO integrador.Localidad (Nombre,Provincia) VALUES ('Ceballos','10');
INSERT INTO integrador.Localidad (Nombre,Provincia) VALUES ('Puerto Bermejo','3');
INSERT INTO integrador.Localidad (Nombre,Provincia) VALUES ('Siete Palmas','8');
INSERT INTO integrador.Localidad (Nombre,Provincia) VALUES ('Huasa Pampa','23');
INSERT INTO integrador.Localidad (Nombre,Provincia) VALUES ('Speluzzi','10');
INSERT INTO integrador.Localidad (Nombre,Provincia) VALUES ('Cushamen','4');
INSERT INTO integrador.Localidad (Nombre,Provincia) VALUES ('Tecka','4');
INSERT INTO integrador.Localidad (Nombre,Provincia) VALUES ('Herradura','8');
INSERT INTO integrador.Localidad (Nombre,Provincia) VALUES ('La Adela','10');
INSERT INTO integrador.Localidad (Nombre,Provincia) VALUES ('Perú','10');
INSERT INTO integrador.Localidad (Nombre,Provincia) VALUES ('Valcheta','15');
INSERT INTO integrador.Localidad (Nombre,Provincia) VALUES ('Mártires','13');
INSERT INTO integrador.Localidad (Nombre,Provincia) VALUES ('San Vicente','13');
INSERT INTO integrador.Localidad (Nombre,Provincia) VALUES ('San Antonio','13');
INSERT INTO integrador.Localidad (Nombre,Provincia) VALUES ('25 de Mayo','13');
INSERT INTO integrador.Localidad (Nombre,Provincia) VALUES ('Alba Posse','13');
INSERT INTO integrador.Localidad (Nombre,Provincia) VALUES ('Humberto Primo','20');
INSERT INTO integrador.Localidad (Nombre,Provincia) VALUES ('Santo Pipó','13');
INSERT INTO integrador.Localidad (Nombre,Provincia) VALUES ('Loreto','13');
INSERT INTO integrador.Localidad (Nombre,Provincia) VALUES ('Puerto Piray','13');
INSERT INTO integrador.Localidad (Nombre,Provincia) VALUES ('Puerto Esperanza','13');
INSERT INTO integrador.Localidad (Nombre,Provincia) VALUES ('Libertad','13');
INSERT INTO integrador.Localidad (Nombre,Provincia) VALUES ('El Piquete','9');
INSERT INTO integrador.Localidad (Nombre,Provincia) VALUES ('Cipolletti','15');
INSERT INTO integrador.Localidad (Nombre,Provincia) VALUES ('Providencia','20');
INSERT INTO integrador.Localidad (Nombre,Provincia) VALUES ('Villa Saralegui','20');
INSERT INTO integrador.Localidad (Nombre,Provincia) VALUES ('Ingeniero Chanourdie','20');
INSERT INTO integrador.Localidad (Nombre,Provincia) VALUES ('Soledad','20');
INSERT INTO integrador.Localidad (Nombre,Provincia) VALUES ('Timbúes','20');
INSERT INTO integrador.Localidad (Nombre,Provincia) VALUES ('Cinco Saltos','15');
INSERT INTO integrador.Localidad (Nombre,Provincia) VALUES ('Contralmirante Cordero','15');
INSERT INTO integrador.Localidad (Nombre,Provincia) VALUES ('Campo Grande','15');
INSERT INTO integrador.Localidad (Nombre,Provincia) VALUES ('San Carlos de Bariloche','15');
INSERT INTO integrador.Localidad (Nombre,Provincia) VALUES ('San Jerónimo Norte','20');
INSERT INTO integrador.Localidad (Nombre,Provincia) VALUES ('Suardi','20');
INSERT INTO integrador.Localidad (Nombre,Provincia) VALUES ('La Gallareta','20');
INSERT INTO integrador.Localidad (Nombre,Provincia) VALUES ('Pavón','20');
INSERT INTO integrador.Localidad (Nombre,Provincia) VALUES ('Progreso','20');
INSERT INTO integrador.Localidad (Nombre,Provincia) VALUES ('San Jerónimo del Sauce','20');
INSERT INTO integrador.Localidad (Nombre,Provincia) VALUES ('Bauer y Sigel','20');
INSERT INTO integrador.Localidad (Nombre,Provincia) VALUES ('Aurelia','20');
INSERT INTO integrador.Localidad (Nombre,Provincia) VALUES ('Reconquista','20');
INSERT INTO integrador.Localidad (Nombre,Provincia) VALUES ('Aldea Santa María','5');
INSERT INTO integrador.Localidad (Nombre,Provincia) VALUES ('Tostado','20');
INSERT INTO integrador.Localidad (Nombre,Provincia) VALUES ('Virginia','20');
INSERT INTO integrador.Localidad (Nombre,Provincia) VALUES ('Uranga','20');
INSERT INTO integrador.Localidad (Nombre,Provincia) VALUES ('Chovet','20');
INSERT INTO integrador.Localidad (Nombre,Provincia) VALUES ('El Tío','5');
INSERT INTO integrador.Localidad (Nombre,Provincia) VALUES ('Colonia Aldao','20');
INSERT INTO integrador.Localidad (Nombre,Provincia) VALUES ('Cerro Colorado','5');
INSERT INTO integrador.Localidad (Nombre,Provincia) VALUES ('Coronel Bogado','20');
INSERT INTO integrador.Localidad (Nombre,Provincia) VALUES ('Río Seco','23');
INSERT INTO integrador.Localidad (Nombre,Provincia) VALUES ('Sargento Moya','23');
INSERT INTO integrador.Localidad (Nombre,Provincia) VALUES ('Aguará Grande','20');
INSERT INTO integrador.Localidad (Nombre,Provincia) VALUES ('Pujato Norte','20');
INSERT INTO integrador.Localidad (Nombre,Provincia) VALUES ('Rosales','5');
INSERT INTO integrador.Localidad (Nombre,Provincia) VALUES ('Aarón Castellanos','20');
INSERT INTO integrador.Localidad (Nombre,Provincia) VALUES ('Nación Ranquel','18');
INSERT INTO integrador.Localidad (Nombre,Provincia) VALUES ('Tránsito','5');
INSERT INTO integrador.Localidad (Nombre,Provincia) VALUES ('Fiambalá','2');
INSERT INTO integrador.Localidad (Nombre,Provincia) VALUES ('Malargüe','12');
INSERT INTO integrador.Localidad (Nombre,Provincia) VALUES ('Capayán','2');
INSERT INTO integrador.Localidad (Nombre,Provincia) VALUES ('Lavalle','12');
INSERT INTO integrador.Localidad (Nombre,Provincia) VALUES ('Londres','2');
INSERT INTO integrador.Localidad (Nombre,Provincia) VALUES ('Hughes','20');
INSERT INTO integrador.Localidad (Nombre,Provincia) VALUES ('Monte Bello','23');
INSERT INTO integrador.Localidad (Nombre,Provincia) VALUES ('Arroyo Leyes','20');
INSERT INTO integrador.Localidad (Nombre,Provincia) VALUES ('La Pelada','20');
INSERT INTO integrador.Localidad (Nombre,Provincia) VALUES ('Los Gómez','23');
INSERT INTO integrador.Localidad (Nombre,Provincia) VALUES ('Villa Rossi','5');
INSERT INTO integrador.Localidad (Nombre,Provincia) VALUES ('Amenábar','20');
INSERT INTO integrador.Localidad (Nombre,Provincia) VALUES ('Cosquín','5');
INSERT INTO integrador.Localidad (Nombre,Provincia) VALUES ('Hugentobler','20');
INSERT INTO integrador.Localidad (Nombre,Provincia) VALUES ('Huanqueros','20');
INSERT INTO integrador.Localidad (Nombre,Provincia) VALUES ('Susana','20');
INSERT INTO integrador.Localidad (Nombre,Provincia) VALUES ('San Justo','20');
INSERT INTO integrador.Localidad (Nombre,Provincia) VALUES ('Sierra Grande','15');
INSERT INTO integrador.Localidad (Nombre,Provincia) VALUES ('San Eugenio','20');
INSERT INTO integrador.Localidad (Nombre,Provincia) VALUES ('Santo Domingo','20');
INSERT INTO integrador.Localidad (Nombre,Provincia) VALUES ('Colonia Bicha','20');
INSERT INTO integrador.Localidad (Nombre,Provincia) VALUES ('Palma Sola','9');
INSERT INTO integrador.Localidad (Nombre,Provincia) VALUES ('Tumbaya','9');
INSERT INTO integrador.Localidad (Nombre,Provincia) VALUES ('Pehuajó','1');
INSERT INTO integrador.Localidad (Nombre,Provincia) VALUES ('Arrecifes','1');
INSERT INTO integrador.Localidad (Nombre,Provincia) VALUES ('Ensenada','1');
INSERT INTO integrador.Localidad (Nombre,Provincia) VALUES ('Coranzuli','9');
INSERT INTO integrador.Localidad (Nombre,Provincia) VALUES ('Caspalá','9');
INSERT INTO integrador.Localidad (Nombre,Provincia) VALUES ('La Palestina','5');
INSERT INTO integrador.Localidad (Nombre,Provincia) VALUES ('Santa Rosa de Leales y Laguna Blanca','23');
INSERT INTO integrador.Localidad (Nombre,Provincia) VALUES ('Villa de Leales','23');
INSERT INTO integrador.Localidad (Nombre,Provincia) VALUES ('San Fernando del Valle de Catamarca','2');
INSERT INTO integrador.Localidad (Nombre,Provincia) VALUES ('Fray Mamerto Esquiú','2');
INSERT INTO integrador.Localidad (Nombre,Provincia) VALUES ('Godoy Cruz','12');
INSERT INTO integrador.Localidad (Nombre,Provincia) VALUES ('Villa del Prado','5');
INSERT INTO integrador.Localidad (Nombre,Provincia) VALUES ('San Antonio de los Cobres','16');
INSERT INTO integrador.Localidad (Nombre,Provincia) VALUES ('Río Bamba','5');
INSERT INTO integrador.Localidad (Nombre,Provincia) VALUES ('Molinos','16');
INSERT INTO integrador.Localidad (Nombre,Provincia) VALUES ('General Alvear','12');
INSERT INTO integrador.Localidad (Nombre,Provincia) VALUES ('Tunuyán','12');
INSERT INTO integrador.Localidad (Nombre,Provincia) VALUES ('San Carlos','12');
INSERT INTO integrador.Localidad (Nombre,Provincia) VALUES ('Las Juntas','2');
INSERT INTO integrador.Localidad (Nombre,Provincia) VALUES ('La Candelaria','16');
INSERT INTO integrador.Localidad (Nombre,Provincia) VALUES ('La Merced','16');
INSERT INTO integrador.Localidad (Nombre,Provincia) VALUES ('Iruya','16');
INSERT INTO integrador.Localidad (Nombre,Provincia) VALUES ('La Poma','16');
INSERT INTO integrador.Localidad (Nombre,Provincia) VALUES ('Viamonte','5');
INSERT INTO integrador.Localidad (Nombre,Provincia) VALUES ('Los Zorros','5');
INSERT INTO integrador.Localidad (Nombre,Provincia) VALUES ('El Carril','16');
INSERT INTO integrador.Localidad (Nombre,Provincia) VALUES ('Chicoana','16');
INSERT INTO integrador.Localidad (Nombre,Provincia) VALUES ('Angastaco','16');
INSERT INTO integrador.Localidad (Nombre,Provincia) VALUES ('San Luis','18');
INSERT INTO integrador.Localidad (Nombre,Provincia) VALUES ('Deán Funes','5');
INSERT INTO integrador.Localidad (Nombre,Provincia) VALUES ('Colonia Barge','5');
INSERT INTO integrador.Localidad (Nombre,Provincia) VALUES ('El Sacrificio','23');
INSERT INTO integrador.Localidad (Nombre,Provincia) VALUES ('Colonia Bremen','5');
INSERT INTO integrador.Localidad (Nombre,Provincia) VALUES ('Colonia Iturraspe','5');
INSERT INTO integrador.Localidad (Nombre,Provincia) VALUES ('El Timbó','23');
INSERT INTO integrador.Localidad (Nombre,Provincia) VALUES ('Buena Vista','23');
INSERT INTO integrador.Localidad (Nombre,Provincia) VALUES ('Chazón','5');
INSERT INTO integrador.Localidad (Nombre,Provincia) VALUES ('Arroyito','5');
INSERT INTO integrador.Localidad (Nombre,Provincia) VALUES ('Arroyo Cabral','5');
INSERT INTO integrador.Localidad (Nombre,Provincia) VALUES ('Sacanta','5');
INSERT INTO integrador.Localidad (Nombre,Provincia) VALUES ('Bañado de Soto','5');
INSERT INTO integrador.Localidad (Nombre,Provincia) VALUES ('Bengolea','5');
INSERT INTO integrador.Localidad (Nombre,Provincia) VALUES ('Achiras','5');
INSERT INTO integrador.Localidad (Nombre,Provincia) VALUES ('El Jardín','16');
INSERT INTO integrador.Localidad (Nombre,Provincia) VALUES ('Agua de Oro','5');
INSERT INTO integrador.Localidad (Nombre,Provincia) VALUES ('Altos de Chipión','5');
INSERT INTO integrador.Localidad (Nombre,Provincia) VALUES ('Chuña','5');
INSERT INTO integrador.Localidad (Nombre,Provincia) VALUES ('Graneros','23');
INSERT INTO integrador.Localidad (Nombre,Provincia) VALUES ('Santa Catalina Holmberg','5');
INSERT INTO integrador.Localidad (Nombre,Provincia) VALUES ('San José de la Dormida','5');
INSERT INTO integrador.Localidad (Nombre,Provincia) VALUES ('Colazo','5');
INSERT INTO integrador.Localidad (Nombre,Provincia) VALUES ('Santa Eufemia','5');
INSERT INTO integrador.Localidad (Nombre,Provincia) VALUES ('Colonia Almada','5');
INSERT INTO integrador.Localidad (Nombre,Provincia) VALUES ('Saturnino María Laspiur','5');
INSERT INTO integrador.Localidad (Nombre,Provincia) VALUES ('Berrotarán','5');
INSERT INTO integrador.Localidad (Nombre,Provincia) VALUES ('Capilla del Carmen','5');
INSERT INTO integrador.Localidad (Nombre,Provincia) VALUES ('Silvio Pellico','5');
INSERT INTO integrador.Localidad (Nombre,Provincia) VALUES ('Carnerillo','5');
INSERT INTO integrador.Localidad (Nombre,Provincia) VALUES ('Cavanagh','5');
INSERT INTO integrador.Localidad (Nombre,Provincia) VALUES ('Tolar Grande','16');
INSERT INTO integrador.Localidad (Nombre,Provincia) VALUES ('Villa Chicligasta','23');
INSERT INTO integrador.Localidad (Nombre,Provincia) VALUES ('Las Peñas Sud','5');
INSERT INTO integrador.Localidad (Nombre,Provincia) VALUES ('Pincén','5');
INSERT INTO integrador.Localidad (Nombre,Provincia) VALUES ('Los Cedros','5');
INSERT INTO integrador.Localidad (Nombre,Provincia) VALUES ('San Miguel de Tucumán','23');
INSERT INTO integrador.Localidad (Nombre,Provincia) VALUES ('Yuto','9');
INSERT INTO integrador.Localidad (Nombre,Provincia) VALUES ('Devoto','5');
INSERT INTO integrador.Localidad (Nombre,Provincia) VALUES ('La Esperanza','9');
INSERT INTO integrador.Localidad (Nombre,Provincia) VALUES ('Arrayanal','9');
INSERT INTO integrador.Localidad (Nombre,Provincia) VALUES ('Saladas','6');
INSERT INTO integrador.Localidad (Nombre,Provincia) VALUES ('Famatina','11');
INSERT INTO integrador.Localidad (Nombre,Provincia) VALUES ('Monterrico','9');
INSERT INTO integrador.Localidad (Nombre,Provincia) VALUES ('Mina Pirquitas','9');
INSERT INTO integrador.Localidad (Nombre,Provincia) VALUES ('Cusi Cusi','9');
INSERT INTO integrador.Localidad (Nombre,Provincia) VALUES ('Santa Clara','9');
INSERT INTO integrador.Localidad (Nombre,Provincia) VALUES ('El Carmen','9');
INSERT INTO integrador.Localidad (Nombre,Provincia) VALUES ('San Roque','6');
INSERT INTO integrador.Localidad (Nombre,Provincia) VALUES ('Villa San Esteban','5');
INSERT INTO integrador.Localidad (Nombre,Provincia) VALUES ('Villa Santa Rosa','5');
INSERT INTO integrador.Localidad (Nombre,Provincia) VALUES ('Concarán','18');
INSERT INTO integrador.Localidad (Nombre,Provincia) VALUES ('San José del Morro','18');
INSERT INTO integrador.Localidad (Nombre,Provincia) VALUES ('Panaholma','5');
INSERT INTO integrador.Localidad (Nombre,Provincia) VALUES ('Pozo del Molle','5');
INSERT INTO integrador.Localidad (Nombre,Provincia) VALUES ('Plaza Luxardo','5');
INSERT INTO integrador.Localidad (Nombre,Provincia) VALUES ('Los Cocos','5');
INSERT INTO integrador.Localidad (Nombre,Provincia) VALUES ('Los Mistoles','5');
INSERT INTO integrador.Localidad (Nombre,Provincia) VALUES ('Matorrales','5');
INSERT INTO integrador.Localidad (Nombre,Provincia) VALUES ('Medina','23');
INSERT INTO integrador.Localidad (Nombre,Provincia) VALUES ('Marull','5');
INSERT INTO integrador.Localidad (Nombre,Provincia) VALUES ('Gastona y Belicha','23');
INSERT INTO integrador.Localidad (Nombre,Provincia) VALUES ('San Pedro y San Antonio','23');
INSERT INTO integrador.Localidad (Nombre,Provincia) VALUES ('Concepción','23');
INSERT INTO integrador.Localidad (Nombre,Provincia) VALUES ('Marcos Juárez','5');
INSERT INTO integrador.Localidad (Nombre,Provincia) VALUES ('Arcadia','23');
INSERT INTO integrador.Localidad (Nombre,Provincia) VALUES ('Isla Verde','5');
INSERT INTO integrador.Localidad (Nombre,Provincia) VALUES ('Alpachiri y El Molino','23');
INSERT INTO integrador.Localidad (Nombre,Provincia) VALUES ('Capitán Cáceres','23');
INSERT INTO integrador.Localidad (Nombre,Provincia) VALUES ('Villa Quinteros','23');
INSERT INTO integrador.Localidad (Nombre,Provincia) VALUES ('La Carlota','5');
INSERT INTO integrador.Localidad (Nombre,Provincia) VALUES ('Trancas','23');
INSERT INTO integrador.Localidad (Nombre,Provincia) VALUES ('Huanchilla','5');
INSERT INTO integrador.Localidad (Nombre,Provincia) VALUES ('El Puestito','23');
INSERT INTO integrador.Localidad (Nombre,Provincia) VALUES ('General Deheza','5');
INSERT INTO integrador.Localidad (Nombre,Provincia) VALUES ('Rumi Punco','23');
INSERT INTO integrador.Localidad (Nombre,Provincia) VALUES ('General Roca','5');
INSERT INTO integrador.Localidad (Nombre,Provincia) VALUES ('Huinca Renancó','5');
INSERT INTO integrador.Localidad (Nombre,Provincia) VALUES ('Laguna Larga','5');
INSERT INTO integrador.Localidad (Nombre,Provincia) VALUES ('Gutemberg','5');
INSERT INTO integrador.Localidad (Nombre,Provincia) VALUES ('Idiazábal','5');
INSERT INTO integrador.Localidad (Nombre,Provincia) VALUES ('Sarmiento','17');
INSERT INTO integrador.Localidad (Nombre,Provincia) VALUES ('La Tordilla','5');
INSERT INTO integrador.Localidad (Nombre,Provincia) VALUES ('Las Bajadas','5');
INSERT INTO integrador.Localidad (Nombre,Provincia) VALUES ('Tatacuá','6');
INSERT INTO integrador.Localidad (Nombre,Provincia) VALUES ('Perdices','7');
INSERT INTO integrador.Localidad (Nombre,Provincia) VALUES ('La Granja','5');
INSERT INTO integrador.Localidad (Nombre,Provincia) VALUES ('La Francia','5');
INSERT INTO integrador.Localidad (Nombre,Provincia) VALUES ('Ubajay','7');
INSERT INTO integrador.Localidad (Nombre,Provincia) VALUES ('Distrito Diego López','7');
INSERT INTO integrador.Localidad (Nombre,Provincia) VALUES ('El Gramiyal','7');
INSERT INTO integrador.Localidad (Nombre,Provincia) VALUES ('Costa Uruguay Norte','7');
INSERT INTO integrador.Localidad (Nombre,Provincia) VALUES ('Nueva Escocia','7');
INSERT INTO integrador.Localidad (Nombre,Provincia) VALUES ('Colonia Oficial Nº 3 y 14','7');
INSERT INTO integrador.Localidad (Nombre,Provincia) VALUES ('Colonia Adivino','7');
INSERT INTO integrador.Localidad (Nombre,Provincia) VALUES ('Larroque','7');
INSERT INTO integrador.Localidad (Nombre,Provincia) VALUES ('XX de Septiembre','7');
INSERT INTO integrador.Localidad (Nombre,Provincia) VALUES ('Rocamora','7');
INSERT INTO integrador.Localidad (Nombre,Provincia) VALUES ('Crucesitas Tercera','7');
INSERT INTO integrador.Localidad (Nombre,Provincia) VALUES ('Comuna 14','24');
INSERT INTO integrador.Localidad (Nombre,Provincia) VALUES ('Estación Sosa','7');
INSERT INTO integrador.Localidad (Nombre,Provincia) VALUES ('Aldea Protestante','7');
INSERT INTO integrador.Localidad (Nombre,Provincia) VALUES ('Mojones Norte','7');
INSERT INTO integrador.Localidad (Nombre,Provincia) VALUES ('Gobernador Sola','7');
INSERT INTO integrador.Localidad (Nombre,Provincia) VALUES ('Hernandarias','7');
INSERT INTO integrador.Localidad (Nombre,Provincia) VALUES ('Seguí','7');
INSERT INTO integrador.Localidad (Nombre,Provincia) VALUES ('Colonia Baylina','7');
INSERT INTO integrador.Localidad (Nombre,Provincia) VALUES ('Jubileo','7');
INSERT INTO integrador.Localidad (Nombre,Provincia) VALUES ('Sauce Sur','7');
INSERT INTO integrador.Localidad (Nombre,Provincia) VALUES ('Comuna 4','24');
INSERT INTO integrador.Localidad (Nombre,Provincia) VALUES ('Don Cristóbal II','7');
INSERT INTO integrador.Localidad (Nombre,Provincia) VALUES ('Nogoyá','7');
INSERT INTO integrador.Localidad (Nombre,Provincia) VALUES ('Caá Catí','6');
INSERT INTO integrador.Localidad (Nombre,Provincia) VALUES ('Mburucuyá','6');
INSERT INTO integrador.Localidad (Nombre,Provincia) VALUES ('Las Gramillas','5');
INSERT INTO integrador.Localidad (Nombre,Provincia) VALUES ('Atahona','5');
INSERT INTO integrador.Localidad (Nombre,Provincia) VALUES ('Albardón','17');
INSERT INTO integrador.Localidad (Nombre,Provincia) VALUES ('Zonda','17');
INSERT INTO integrador.Localidad (Nombre,Provincia) VALUES ('Angaco','17');
INSERT INTO integrador.Localidad (Nombre,Provincia) VALUES ('San Lorenzo','6');
INSERT INTO integrador.Localidad (Nombre,Provincia) VALUES ('Arroyo Las Tunas','7');
INSERT INTO integrador.Localidad (Nombre,Provincia) VALUES ('Mocoretá','6');
INSERT INTO integrador.Localidad (Nombre,Provincia) VALUES ('San Isidro','6');
INSERT INTO integrador.Localidad (Nombre,Provincia) VALUES ('9 de Julio','17');
INSERT INTO integrador.Localidad (Nombre,Provincia) VALUES ('Monte Caseros','6');
INSERT INTO integrador.Localidad (Nombre,Provincia) VALUES ('Bonpland','6');
INSERT INTO integrador.Localidad (Nombre,Provincia) VALUES ('Parada Pucheta','6');
INSERT INTO integrador.Localidad (Nombre,Provincia) VALUES ('Esquina','6');
INSERT INTO integrador.Localidad (Nombre,Provincia) VALUES ('Curuzú Cuatiá','6');
INSERT INTO integrador.Localidad (Nombre,Provincia) VALUES ('Arroyo Gená','7');
INSERT INTO integrador.Localidad (Nombre,Provincia) VALUES ('Santa Ana','7');
INSERT INTO integrador.Localidad (Nombre,Provincia) VALUES ('Sauce','6');
INSERT INTO integrador.Localidad (Nombre,Provincia) VALUES ('Bovril','7');
INSERT INTO integrador.Localidad (Nombre,Provincia) VALUES ('Mercedes','6');
INSERT INTO integrador.Localidad (Nombre,Provincia) VALUES ('Tapebicuá','6');
INSERT INTO integrador.Localidad (Nombre,Provincia) VALUES ('Paso de los Libres','6');
INSERT INTO integrador.Localidad (Nombre,Provincia) VALUES ('Goya','6');
INSERT INTO integrador.Localidad (Nombre,Provincia) VALUES ('Perugorría','6');
INSERT INTO integrador.Localidad (Nombre,Provincia) VALUES ('Yatay Ti Calle','6');
INSERT INTO integrador.Localidad (Nombre,Provincia) VALUES ('Felipe Yofré','6');
INSERT INTO integrador.Localidad (Nombre,Provincia) VALUES ('La Cruz','6');
INSERT INTO integrador.Localidad (Nombre,Provincia) VALUES ('Colonia Carlos Pellegrini','6');
INSERT INTO integrador.Localidad (Nombre,Provincia) VALUES ('Concepción del Yaguareté Corá','6');
INSERT INTO integrador.Localidad (Nombre,Provincia) VALUES ('Garaví','6');
INSERT INTO integrador.Localidad (Nombre,Provincia) VALUES ('Garruchos','6');
INSERT INTO integrador.Localidad (Nombre,Provincia) VALUES ('San Antonio Isla Apipé Grande','6');
INSERT INTO integrador.Localidad (Nombre,Provincia) VALUES ('San Antonio de Itatí','6');
INSERT INTO integrador.Localidad (Nombre,Provincia) VALUES ('Maria Luisa','7');
INSERT INTO integrador.Localidad (Nombre,Provincia) VALUES ('Monte Redondo','7');
INSERT INTO integrador.Localidad (Nombre,Provincia) VALUES ('Villa Aranguren','7');
INSERT INTO integrador.Localidad (Nombre,Provincia) VALUES ('1º de Mayo','7');
INSERT INTO integrador.Localidad (Nombre,Provincia) VALUES ('Corrientes','6');
INSERT INTO integrador.Localidad (Nombre,Provincia) VALUES ('Santa Ana de los Guácaras','6');
INSERT INTO integrador.Localidad (Nombre,Provincia) VALUES ('Pastor Britos','7');
INSERT INTO integrador.Localidad (Nombre,Provincia) VALUES ('Crucesitas Octava','7');
INSERT INTO integrador.Localidad (Nombre,Provincia) VALUES ('Guardamonte','7');
INSERT INTO integrador.Localidad (Nombre,Provincia) VALUES ('Tezanos Pinto','7');
INSERT INTO integrador.Localidad (Nombre,Provincia) VALUES ('Aldea Salto','7');
INSERT INTO integrador.Localidad (Nombre,Provincia) VALUES ('Riachuelo','6');
INSERT INTO integrador.Localidad (Nombre,Provincia) VALUES ('Itatí','6');
INSERT INTO integrador.Localidad (Nombre,Provincia) VALUES ('Cazadores Correntinos','6');
INSERT INTO integrador.Localidad (Nombre,Provincia) VALUES ('Colonia Libertad','6');
INSERT INTO integrador.Localidad (Nombre,Provincia) VALUES ('General Almada','7');
INSERT INTO integrador.Localidad (Nombre,Provincia) VALUES ('Colonia San Anselmo y Aledañas','7');
INSERT INTO integrador.Localidad (Nombre,Provincia) VALUES ('Colonia Elía','7');
INSERT INTO integrador.Localidad (Nombre,Provincia) VALUES ('Piedras Blancas','7');
INSERT INTO integrador.Localidad (Nombre,Provincia) VALUES ('Pueblo Brugo','7');
INSERT INTO integrador.Localidad (Nombre,Provincia) VALUES ('Colonia Viraró','7');
INSERT INTO integrador.Localidad (Nombre,Provincia) VALUES ('San José','7');
INSERT INTO integrador.Localidad (Nombre,Provincia) VALUES ('Maciá','7');
INSERT INTO integrador.Localidad (Nombre,Provincia) VALUES ('Comuna Tala','7');
INSERT INTO integrador.Localidad (Nombre,Provincia) VALUES ('Distrito Chañar','7');
INSERT INTO integrador.Localidad (Nombre,Provincia) VALUES ('Hinojal','7');
INSERT INTO integrador.Localidad (Nombre,Provincia) VALUES ('Ñancay','7');
INSERT INTO integrador.Localidad (Nombre,Provincia) VALUES ('Montoya','7');
INSERT INTO integrador.Localidad (Nombre,Provincia) VALUES ('Distrito Quinto','7');
INSERT INTO integrador.Localidad (Nombre,Provincia) VALUES ('Distrito Cuarto','7');
INSERT INTO integrador.Localidad (Nombre,Provincia) VALUES ('Punta del Monte','7');
INSERT INTO integrador.Localidad (Nombre,Provincia) VALUES ('Santa Lucía','7');
INSERT INTO integrador.Localidad (Nombre,Provincia) VALUES ('Loma Limpia','7');
INSERT INTO integrador.Localidad (Nombre,Provincia) VALUES ('Arroyo Corralito','7');
INSERT INTO integrador.Localidad (Nombre,Provincia) VALUES ('Antelo','7');
INSERT INTO integrador.Localidad (Nombre,Provincia) VALUES ('Estación Camps','7');
INSERT INTO integrador.Localidad (Nombre,Provincia) VALUES ('Colonia Oficial N° 13','7');
INSERT INTO integrador.Localidad (Nombre,Provincia) VALUES ('Federal','7');
INSERT INTO integrador.Localidad (Nombre,Provincia) VALUES ('La Hierra','7');
INSERT INTO integrador.Localidad (Nombre,Provincia) VALUES ('La Esmeralda','7');
INSERT INTO integrador.Localidad (Nombre,Provincia) VALUES ('Mulas Grandes','7');
INSERT INTO integrador.Localidad (Nombre,Provincia) VALUES ('Las Mulitas','7');
INSERT INTO integrador.Localidad (Nombre,Provincia) VALUES ('Pronunciamiento','7');
INSERT INTO integrador.Localidad (Nombre,Provincia) VALUES ('Líbaros','7');
INSERT INTO integrador.Localidad (Nombre,Provincia) VALUES ('Estación Lazo','7');
INSERT INTO integrador.Localidad (Nombre,Provincia) VALUES ('Aldea Valle María','7');
INSERT INTO integrador.Localidad (Nombre,Provincia) VALUES ('Ombú','7');
INSERT INTO integrador.Localidad (Nombre,Provincia) VALUES ('Alcaraz','7');
INSERT INTO integrador.Localidad (Nombre,Provincia) VALUES ('Colonia Avellaneda','7');
INSERT INTO integrador.Localidad (Nombre,Provincia) VALUES ('Basavilbaso','7');
INSERT INTO integrador.Localidad (Nombre,Provincia) VALUES ('Hasenkamp','7');
INSERT INTO integrador.Localidad (Nombre,Provincia) VALUES ('Chajarí','7');
INSERT INTO integrador.Localidad (Nombre,Provincia) VALUES ('Pago de los Deseos','6');
INSERT INTO integrador.Localidad (Nombre,Provincia) VALUES ('Itá Ibaté','6');
INSERT INTO integrador.Localidad (Nombre,Provincia) VALUES ('Villa Clara','7');
INSERT INTO integrador.Localidad (Nombre,Provincia) VALUES ('Gobernador Echagüe','7');
INSERT INTO integrador.Localidad (Nombre,Provincia) VALUES ('General Campos','7');
INSERT INTO integrador.Localidad (Nombre,Provincia) VALUES ('Colonia Tunas','7');
INSERT INTO integrador.Localidad (Nombre,Provincia) VALUES ('General Galarza','7');
INSERT INTO integrador.Localidad (Nombre,Provincia) VALUES ('Sauce de Luna','7');
INSERT INTO integrador.Localidad (Nombre,Provincia) VALUES ('San Gustavo','7');
INSERT INTO integrador.Localidad (Nombre,Provincia) VALUES ('Villa Mantero','7');
INSERT INTO integrador.Localidad (Nombre,Provincia) VALUES ('Rincón del Cinto','7');
INSERT INTO integrador.Localidad (Nombre,Provincia) VALUES ('Antonio Tomás','7');
INSERT INTO integrador.Localidad (Nombre,Provincia) VALUES ('Puerto Curtiembre','7');
INSERT INTO integrador.Localidad (Nombre,Provincia) VALUES ('Villa Libertador San Martín','7');
INSERT INTO integrador.Localidad (Nombre,Provincia) VALUES ('San Justo','7');
INSERT INTO integrador.Localidad (Nombre,Provincia) VALUES ('San Ernesto','7');
INSERT INTO integrador.Localidad (Nombre,Provincia) VALUES ('Aldea Santa Rosa','7');
INSERT INTO integrador.Localidad (Nombre,Provincia) VALUES ('Espinillo Norte','7');
INSERT INTO integrador.Localidad (Nombre,Provincia) VALUES ('Paso de la Arena','7');
INSERT INTO integrador.Localidad (Nombre,Provincia) VALUES ('Colonia Crespo','7');
INSERT INTO integrador.Localidad (Nombre,Provincia) VALUES ('Colonia Celina','7');
INSERT INTO integrador.Localidad (Nombre,Provincia) VALUES ('San Pedro','7');
INSERT INTO integrador.Localidad (Nombre,Provincia) VALUES ('Rincón de Nogoyá','7');
INSERT INTO integrador.Localidad (Nombre,Provincia) VALUES ('El Pingo','7');

-- Inserts para la tabla `especialidad`
INSERT INTO especialidad (estado, nombre) VALUES (1, 'Cardiología');
INSERT INTO especialidad (estado, nombre) VALUES (1, 'Dermatología');
INSERT INTO especialidad (estado, nombre) VALUES (1, 'Ginecología');
INSERT INTO especialidad (estado, nombre) VALUES (1, 'Neurología');
INSERT INTO especialidad (estado, nombre) VALUES (1, 'Pediatría');
INSERT INTO especialidad (estado, nombre) VALUES (1, 'Psiquiatría');
INSERT INTO especialidad (estado, nombre) VALUES (1, 'Oftalmología');
INSERT INTO especialidad (estado, nombre) VALUES (1, 'Ortopedia');
INSERT INTO especialidad (estado, nombre) VALUES (1, 'Urología');
INSERT INTO especialidad (estado, nombre) VALUES (1, 'Oncología');

-- Inserts para la tabla `usuario`
INSERT INTO `integrador`.`usuarios` (`Nombre`, `Contrasena`, `estado`) VALUES
('admin', 'admin123', 1),
('usuario1', 'clave123', 1),
('usuario2', 'clave456', 1),
('usuario3', 'clave789', 1),
('doctor1', 'doctor123', 1),
('doctor2', 'doctor456', 1),
('doctor3', 'doctor890', 1),
('doctor4', 'doctor098', 1),
('doctor5', 'doctor765', 1),
('recepcionista1', 'rec123', 1),
('recepcionista2', 'rec456', 1),
('admin2', 'admin456', 1),
('admin3', 'admin789', 1);

INSERT INTO `integrador`.`usuarios` (`Nombre`, `Contrasena`, `estado`) VALUES
('doctor6', 'doctor123', 1),
('doctor7', 'doctor456', 1),
('doctor8', 'doctor789', 1),
('doctor9', 'doctor012', 1),
('doctor10', 'doctor345', 1),
('doctor11', 'doctor678', 1),
('doctor12', 'doctor901', 1),
('doctor13', 'doctor234', 1),
('doctor14', 'doctor567', 1),
('doctor15', 'doctor890', 1);


-- Inserts para la tabla `medicos`
INSERT INTO `integrador`.`medicos` (`Apellido`, `Correo`, `Dias`, `Direccion`, `Estado`, `Horarios`, `Nacimiento`, `Nombre`, `Sexo`, `Telefono`, `especialidad_id`, `localidad_id`, `Usuario`) VALUES
('González', 'gonzalez@example.com', 'Lunes,Miercoles,Viernes', 'Av. Libertador 123', 1, '09:00 - 13:00', '1980-05-15', 'Juan', 'M', 1122334455, 1, 1, 'doctor1'),
('López', 'lopez@example.com', 'Martes,Jueves', 'Av. San Martín 456', 1, '14:00 - 18:00', '1975-08-20', 'María', 'F', 1122334466, 2, 2, 'doctor2'),
('Martínez', 'martinez@example.com', 'Lunes,Miercoles', 'Av. Belgrano 789', 1, '10:00 - 15:00', '1982-03-10', 'José', 'M', 1122334477, 3, 3, 'doctor3'),
('Rodríguez', 'rodriguez@example.com', 'Miercoles,Viernes', 'Av. Rivadavia 321', 1, '08:00 - 12:00', '1978-07-25', 'Ana', 'F', 1122334488, 4, 4, 'doctor4'),
('Gómez', 'gomez@example.com', 'Martes,Jueves', 'Av. Independencia 654', 1, '16:00 - 20:00', '1985-01-12', 'Pedro', 'M', 1122334499, 5, 5, 'doctor5'),
('Fernández', 'fernandez@example.com', 'Lunes,Miercoles', 'Av. Libertador 234', 1, '09:00 - 13:00', '1980-06-15', 'Carlos', 'M', 1122334500, 6, 6, 'doctor6'),
('Pérez', 'perez@example.com', 'Martes,Jueves', 'Av. San Martín 567', 1, '14:00 - 18:00', '1981-08-21', 'Lucía', 'F', 1122334501, 7, 7, 'doctor7'),
('Hernández', 'hernandez@example.com', 'Lunes,Viernes', 'Av. Belgrano 890', 1, '10:00 - 15:00', '1983-03-11', 'David', 'M', 1122334502, 8, 8, 'doctor8'),
('Ruiz', 'ruiz@example.com', 'Miercoles,Viernes', 'Av. Rivadavia 432', 1, '08:00 - 12:00', '1979-07-26', 'Carmen', 'F', 1122334503, 9, 9, 'doctor9'),
('Torres', 'torres@example.com', 'Martes,Jueves', 'Av. Independencia 765', 1, '16:00 - 20:00', '1986-01-13', 'Juan', 'M', 1122334504, 10, 10, 'doctor10'),
('Ramírez', 'ramirez@example.com', 'Lunes,Miercoles', 'Av. Libertador 345', 1, '09:00 - 13:00', '1981-05-16', 'Ana', 'F', 1122334505, 1, 1, 'doctor11'),
('Flores', 'flores@example.com', 'Martes,Jueves', 'Av. San Martín 678', 1, '14:00 - 18:00', '1982-08-22', 'Luis', 'M', 1122334506, 2, 2, 'doctor12'),
('Cruz', 'cruz@example.com', 'Lunes,Viernes', 'Av. Belgrano 901', 1, '10:00 - 15:00', '1984-03-12', 'Isabel', 'F', 1122334507, 3, 3, 'doctor13'),
('Morales', 'morales@example.com', 'Miercoles,Viernes', 'Av. Rivadavia 543', 1, '08:00 - 12:00', '1980-07-27', 'Roberto', 'M', 1122334508, 4, 4, 'doctor14'),
('Ortiz', 'ortiz@example.com', 'Martes,Jueves', 'Av. Independencia 876', 1, '16:00 - 20:00', '1987-01-14', 'Elena', 'F', 1122334509, 5, 5, 'doctor15');


-- Inserts para la tabla `paciente`
INSERT INTO `integrador`.`paciente` (`Dni`, `apellido`, `direccion`, `email`, `estado`, `fechaNacimiento`, `nombre`, `Telefono`, `localidad_id`, `provincia_id`) VALUES
(12345678, 'García', 'Calle Mayor 123', 'garcia@example.com', 1, '1990-05-15', 'María', '912345678', 1, 1),
(23456789, 'López', 'Avenida Libertad 456', 'lopez@example.com', 1, '1985-08-22', 'Pedro', '678901234', 2, 2),
(34567890, 'Martínez', 'Plaza España 789', 'martinez@example.com', 0, '1978-03-10', 'Ana', '645678901', 3, 3),
(45678901, 'Sánchez', 'Calle Sol 567', 'sanchez@example.com', 1, '1982-11-27', 'Javier', '679012345', 4, 4),
(56789012, 'Gómez', 'Calle Mayor 234', 'gomez@example.com', 1, '1995-07-18', 'Laura', '623456789', 5, 5),
(67890123, 'Rodríguez', 'Avenida Libertadores 678', 'rodriguez@example.com', 0, '1989-04-03', 'Carlos', '690123456', 1, 1),
(78901234, 'Fernández', 'Plaza de la Constitución 890', 'fernandez@example.com', 1, '1983-09-12', 'Marta', '601234567', 2, 2),
(89012345, 'Díaz', 'Calle Gran Vía 456', 'diaz@example.com', 1, '1992-12-30', 'Antonio', '689012345', 3, 3),
(90123456, 'Ruiz', 'Avenida de la Paz 123', 'ruiz@example.com', 0, '1975-06-25', 'Elena', '678901234', 4, 4);

-- Inserts para la tabla `turnos`
INSERT INTO `integrador`.`turnos` (`Estado_logico`, `estado`, `fecha`, `hora`, `observacion`, `id_medico`, `dni_paciente`) VALUES
(1, 'Confirmado', '2024-07-20', '10:00:00', 'Control de rutina', 1, 12345678),
(1, 'Pendiente', '2024-07-21', '15:30:00', 'Primera consulta', 2, 23456789),
(1, 'Confirmado', '2024-07-22', '11:15:00', 'Control de seguimiento', 3, 34567890),
(1, 'Pendiente', '2024-07-23', '14:00:00', 'Consulta general', 4, 45678901),
(1, 'Confirmado', '2024-07-24', '17:45:00', 'Control post operatorio', 5, 56789012),
(1, 'Pendiente', '2024-07-25', '09:30:00', 'Consulta pediátrica', 1, 67890123),
(1, 'Confirmado', '2024-07-26', '13:20:00', 'Control de diabetes', 2, 78901234),
(1, 'Pendiente', '2024-07-27', '16:45:00', 'Primera visita', 3, 89012345),
(1, 'Confirmado', '2024-07-28', '08:10:00', 'Control de presión', 4, 90123456),
(1, 'Pendiente', '2024-07-29', '12:00:00', 'Consulta psicológica', 5, 12345678);

-- Inserts para la tabla turnos
INSERT INTO integrador.turnos (Estado_logico, estado, fecha, hora, observacion, id_medico, dni_paciente) VALUES
(1, 'Confirmado', '2024-07-20', '10:00:00', 'Control de rutina', 1, 12345678),
(1, 'Pendiente', '2024-07-21', '15:30:00', 'Primera consulta', 2, 23456789),
(1, 'Confirmado', '2024-07-22', '11:15:00', 'Control de seguimiento', 3, 34567890),
(1, 'Pendiente', '2024-07-23', '14:00:00', 'Consulta general', 4, 45678901),
(1, 'Confirmado', '2024-07-24', '17:45:00', 'Control post operatorio', 5, 56789012),
(1, 'Pendiente', '2024-07-25', '09:30:00', 'Consulta pediátrica', 1, 67890123),
(1, 'Confirmado', '2024-07-26', '13:20:00', 'Control de diabetes', 2, 78901234),
(1, 'Pendiente', '2024-07-27', '16:45:00', 'Primera visita', 3, 89012345),
(1, 'Confirmado', '2024-07-28', '08:10:00', 'Control de presión', 4, 90123456),
(1, 'Pendiente', '2024-07-29', '12:00:00', 'Consulta psicológica', 5, 12345678),
(1, 'Ausente', '2024-07-20', '10:00:00', 'Control de rutina', 1, 23456789),
(1, 'Cancelado', '2024-07-21', '15:30:00', 'Primera consulta', 2, 34567890),
(1, 'Confirmado', '2024-07-22', '11:15:00', 'Control de seguimiento', 3, 45678901),
(1, 'Pendiente', '2024-07-23', '14:00:00', 'Consulta general', 4, 56789012),
(1, 'Confirmado', '2024-07-24', '17:45:00', 'Control post operatorio', 5, 67890123),
(1, 'Pendiente', '2024-07-25', '09:30:00', 'Consulta pediátrica', 1, 78901234),
(1, 'Confirmado', '2024-07-26', '13:20:00', 'Control de diabetes', 2, 89012345),
(1, 'Pendiente', '2024-07-27', '16:45:00', 'Primera visita', 3, 90123456),
(1, 'Confirmado', '2024-07-28', '08:10:00', 'Control de presión', 4, 12345678),
(1, 'Pendiente', '2024-07-29', '12:00:00', 'Consulta psicológica', 5, 23456789);


